id,author,date,content,class,video_id,channel_id,date_published,video_title,like_count,comment_count,view_count
349,moaz adnan,2015-06-05,who is going to reach the billion first : katy or taylor ?Ôªø,f,CevxZvSJLk8,UC-8Q-hLdECwQmaWNwXitYDw,2013-09-05,Katy Perry - Roar (Official),15586013,760708,3673686440
348,Rafi Hossain,2015-06-05,Honestly speaking except taylor swift and adele i don't lile any of the  modern day singers. But i must say whenever i hear this song i feel  goosebumps. Its quite inspiring!! Thanks miss Perry!Ôªø,f,CevxZvSJLk8,UC-8Q-hLdECwQmaWNwXitYDw,2013-09-05,Katy Perry - Roar (Official),15586013,760708,3673686440
347,Decio Alves Martins,2015-06-05,"KATY PERRY, I AM THE D√âCIO CABELO, DECIO HAIR. I AM 60 YEARS OF AGE. I  DONT HAVE FAMILY. IM SINGLE. ALONE. HOMELESS. I WAS AN ALCOHOLIC: 15 AT  THE AGE OF 46. I AM AN INVISIBLE COMPOSER. MY DREAM IS TO RECORD MY SONGS.  COULD YOU HELP ME? PLEASE! PLEASE! I TRUST THAT THE YOU WILL GIVE ME A  CHANCE. I HAVE 109 VIDEOS IN THE YOUTUBE: deciocabelo canal. KATY PERRY, I  WAS BORN IN OCTOBER 25, TOO. THANK YOU VERY MUCH!!! DECIO HAIR.Ôªø",t,CevxZvSJLk8,UC-8Q-hLdECwQmaWNwXitYDw,2013-09-05,Katy Perry - Roar (Official),15586013,760708,3673686440
346,Kasia Fabisiewicz,2015-06-05,&lt;3Ôªø,f,CevxZvSJLk8,UC-8Q-hLdECwQmaWNwXitYDw,2013-09-05,Katy Perry - Roar (Official),15586013,760708,3673686440
345,Kacy Cluley,2015-06-05,This song means so much to me thank you  soooooooooooooooooooooooooooooooooooooooo much:-) XxxÔªø,f,CevxZvSJLk8,UC-8Q-hLdECwQmaWNwXitYDw,2013-09-05,Katy Perry - Roar (Official),15586013,760708,3673686440
344,Bader Awesome,2015-06-05,That was very good I mean very very much good Ôªø,f,CevxZvSJLk8,UC-8Q-hLdECwQmaWNwXitYDw,2013-09-05,Katy Perry - Roar (Official),15586013,760708,3673686440
343,Julia Szefer,2015-06-05,Katty is the best! ! ! ! Ôªø,f,CevxZvSJLk8,UC-8Q-hLdECwQmaWNwXitYDw,2013-09-05,Katy Perry - Roar (Official),15586013,760708,3673686440
342,KillerDan,2015-06-05,"Almost 1 Bil. What? Wow, GS sucks, in my opinion.Ôªø",f,CevxZvSJLk8,UC-8Q-hLdECwQmaWNwXitYDw,2013-09-05,Katy Perry - Roar (Official),15586013,760708,3673686440
341,sunny leone,2015-06-05,https://binbox.io/DNCkM#qT4Q1JB1Ôªø,t,CevxZvSJLk8,UC-8Q-hLdECwQmaWNwXitYDw,2013-09-05,Katy Perry - Roar (Official),15586013,760708,3673686440
340,Portman P.,2015-06-05,"SIMPLY PUT, OUR CUSTOMERS LOVE US... and so will you!https://www.facebook.com/greenleaderÔªø",t,CevxZvSJLk8,UC-8Q-hLdECwQmaWNwXitYDw,2013-09-05,Katy Perry - Roar (Official),15586013,760708,3673686440
339,Destiny Cable,2015-06-05,PLEASE VOTE FOR ME FOR THE WET SEAL MODEL 2015 CONTEST! MY INSTAGRAM  USERNAME IS destinyforever_  http://www.wetseal.com/modelsearch15/modelsearch15.htmlÔªø,t,CevxZvSJLk8,UC-8Q-hLdECwQmaWNwXitYDw,2013-09-05,Katy Perry - Roar (Official),15586013,760708,3673686440
338,Those two boys,2015-06-05,Please subscribe to us and thank youÔªø,t,CevxZvSJLk8,UC-8Q-hLdECwQmaWNwXitYDw,2013-09-05,Katy Perry - Roar (Official),15586013,760708,3673686440
337,Lauren And Victoria,2015-06-04,Come check out our parody of this!Ôªø,t,CevxZvSJLk8,UC-8Q-hLdECwQmaWNwXitYDw,2013-09-05,Katy Perry - Roar (Official),15586013,760708,3673686440
336,DIIL GANG,2015-06-04,http://www.ermail.pl/dolacz/UnNfY2I=                  Please click on the  linkÔªø,t,CevxZvSJLk8,UC-8Q-hLdECwQmaWNwXitYDw,2013-09-05,Katy Perry - Roar (Official),15586013,760708,3673686440
335,Taina Boaventura,2015-06-04,curti? click here ?  https://www.facebook.com/demiilovatofas?ref=hl   https://www.facebook.com/pages/Frases-Secretas/448800865296855?ref=hlÔªø,t,CevxZvSJLk8,UC-8Q-hLdECwQmaWNwXitYDw,2013-09-05,Katy Perry - Roar (Official),15586013,760708,3673686440
334,FudgePlaysMC,2014-11-10,My 6th grade teacher looked exactly like Katy Perry come to think of it...Ôªø,f,CevxZvSJLk8,UC-8Q-hLdECwQmaWNwXitYDw,2013-09-05,Katy Perry - Roar (Official),15586013,760708,3673686440
333,Jamie Breedlove,2014-11-10, I love your music Ôªø,f,CevxZvSJLk8,UC-8Q-hLdECwQmaWNwXitYDw,2013-09-05,Katy Perry - Roar (Official),15586013,760708,3673686440
332,Nice Girl,2014-11-10,*KATY YOU ARE A SHIT GO DIE!!!!!ROAR IS A FLOOOOOOOOOOOOOOOOOOOOP*Ôªø,f,CevxZvSJLk8,UC-8Q-hLdECwQmaWNwXitYDw,2013-09-05,Katy Perry - Roar (Official),15586013,760708,3673686440
331,makayla Yarborough,2014-11-10,I love this song!!!Ôªø,f,CevxZvSJLk8,UC-8Q-hLdECwQmaWNwXitYDw,2013-09-05,Katy Perry - Roar (Official),15586013,760708,3673686440
330,Karim Bazoka,2014-11-10,nice ..very niceÔªø,f,CevxZvSJLk8,UC-8Q-hLdECwQmaWNwXitYDw,2013-09-05,Katy Perry - Roar (Official),15586013,760708,3673686440
329,Cem Devecioƒülu devecioƒülu,2014-11-10,Hii youtubeÔªø,f,CevxZvSJLk8,UC-8Q-hLdECwQmaWNwXitYDw,2013-09-05,Katy Perry - Roar (Official),15586013,760708,3673686440
328,MagpiedudeGaming,2014-11-10,I hate videos like these with those poor animals.Ôªø,f,CevxZvSJLk8,UC-8Q-hLdECwQmaWNwXitYDw,2013-09-05,Katy Perry - Roar (Official),15586013,760708,3673686440
327,monal shah,2014-11-10,"https://apps.facebook.com/my-polls/utsitcompetition2014?from=user_link&amp;ref_id=ouxg5e .  Please open this link and vote for  anand niketan international school, the  project name is project Fr-e-dom and share it with  yours friend.Ôªø",t,CevxZvSJLk8,UC-8Q-hLdECwQmaWNwXitYDw,2013-09-05,Katy Perry - Roar (Official),15586013,760708,3673686440
326,Arianna,2014-11-10,‚ô´I know someone will see this ‚ô• I have a dream‚Ä¶ I don‚Äôt have the greatest videos or the best quality Right now I feel like i'm not getting anywhere and I need your help ‚ô´ If you could possibly watch my videos it means the world to me ‚ô• Please thumbs this up so others can see‚Ä¶ I appreciate it so much ‚ô•‚ô´ Please listen before you hate. Honestly i  appreciate it so much  You don‚Äôt have to love me just give this 17 year old a chanceÔªø,t,CevxZvSJLk8,UC-8Q-hLdECwQmaWNwXitYDw,2013-09-05,Katy Perry - Roar (Official),15586013,760708,3673686440
325,Nathan Waterhouse,2014-11-10,Check out my acoustic channel Ôªø,t,CevxZvSJLk8,UC-8Q-hLdECwQmaWNwXitYDw,2013-09-05,Katy Perry - Roar (Official),15586013,760708,3673686440
324,Kwon Kee,2014-11-09,"Hey yall its the real Kevin Hart, shout out to my fans!!! follow me +RealKevinHeart Ôªø",t,CevxZvSJLk8,UC-8Q-hLdECwQmaWNwXitYDw,2013-09-05,Katy Perry - Roar (Official),15586013,760708,3673686440
323,Marnell Ampungan,2014-11-09,Check out this video on YouTube:Facebook lhudygirlamaya Ôªø,t,CevxZvSJLk8,UC-8Q-hLdECwQmaWNwXitYDw,2013-09-05,Katy Perry - Roar (Official),15586013,760708,3673686440
322,MntDewWigger,2014-11-09,check out mah girl it duh shit yoÔªø,t,CevxZvSJLk8,UC-8Q-hLdECwQmaWNwXitYDw,2013-09-05,Katy Perry - Roar (Official),15586013,760708,3673686440
321,We are proud to be Smilers,2014-11-09,"great song, but we all know that Katy buys her views..Ôªø",f,CevxZvSJLk8,UC-8Q-hLdECwQmaWNwXitYDw,2013-09-05,Katy Perry - Roar (Official),15586013,760708,3673686440
320,Oreja Ramanauskaite,2014-11-08,https://www.tsu.co/ToMeks Go register ;) free money;)Ôªø,t,CevxZvSJLk8,UC-8Q-hLdECwQmaWNwXitYDw,2013-09-05,Katy Perry - Roar (Official),15586013,760708,3673686440
319,Rafael Macho Gonzalez Jr,2014-11-08,I love that you subscribedÔªø,t,CevxZvSJLk8,UC-8Q-hLdECwQmaWNwXitYDw,2013-09-05,Katy Perry - Roar (Official),15586013,760708,3673686440
318,Jacky Chan,2014-11-08,For latest movies 2014 please visit this site  http://www.networkedblogs.com/p/11cPWb?ref=panoramaÔªø,t,CevxZvSJLk8,UC-8Q-hLdECwQmaWNwXitYDw,2013-09-05,Katy Perry - Roar (Official),15586013,760708,3673686440
317,Free Fire,2014-11-08,"Hey Guys, I know you tend to skip these comments, but Take a look first.  I am Free Fire, A Big Room, Progressive House, Deep House, Dubstep &amp;  Chillstep Producer from a small town in Missouri. Down here, I have no  support from the community, and all I really ask is some critiquing,  Support, and Views.   My Music has gotten much better then what it was 10 months ago, and I  promise my new content should be more then satisfying. Soon I should be  able to advertise and I wont pester you guys anymore.  So gimme a chance and check out my music, thanks and god bless.Ôªø",t,CevxZvSJLk8,UC-8Q-hLdECwQmaWNwXitYDw,2013-09-05,Katy Perry - Roar (Official),15586013,760708,3673686440
316,Kathy Akers,2014-11-08,I love this song so much!:-D I've heard it so much I pretty much memorized  the lyricsÔªø,f,CevxZvSJLk8,UC-8Q-hLdECwQmaWNwXitYDw,2013-09-05,Katy Perry - Roar (Official),15586013,760708,3673686440
315,Sam Kesha,2014-11-07,http://www.wattpad.com/story/26032883-she-can-love-you-goodÔªø,t,CevxZvSJLk8,UC-8Q-hLdECwQmaWNwXitYDw,2013-09-05,Katy Perry - Roar (Official),15586013,760708,3673686440
314,Caitlin Hepton,2014-11-07,i like this song because of all the animals and i like this song .Ôªø,f,CevxZvSJLk8,UC-8Q-hLdECwQmaWNwXitYDw,2013-09-05,Katy Perry - Roar (Official),15586013,760708,3673686440
313,Martwy Karas,2014-11-07,Katy Perry's songs are the best of the songs of women artists.Ôªø,f,CevxZvSJLk8,UC-8Q-hLdECwQmaWNwXitYDw,2013-09-05,Katy Perry - Roar (Official),15586013,760708,3673686440
312,Anders Lundgren,2014-11-07,#nowplaying Weekendmix track 04 : Katy Perry - Roar (DJ Denis Shmelev &amp; DJ Alex Serov Remix) http://youtu.be/CevxZvSJLk8   Listen live at: www.smartfm.nl/livestream.htmlÔªø,t,CevxZvSJLk8,UC-8Q-hLdECwQmaWNwXitYDw,2013-09-05,Katy Perry - Roar (Official),15586013,760708,3673686440
311,Paul Lewis,2014-11-07,....because I AM a champion...and you're gonna hear me roar!   Today I AM my own champion  Today I AM a champion for the Creator  Today I AM doing positive in my world Today I AM blessing and healing all around me Today I AM successful and  creating success  Ôªø,f,CevxZvSJLk8,UC-8Q-hLdECwQmaWNwXitYDw,2013-09-05,Katy Perry - Roar (Official),15586013,760708,3673686440
310,The Robot Green Hypno,2014-11-07,i like this song the video goes perfect with itÔªø,f,CevxZvSJLk8,UC-8Q-hLdECwQmaWNwXitYDw,2013-09-05,Katy Perry - Roar (Official),15586013,760708,3673686440
309,xsilvermistx,2014-11-07,"I''ve figured out why I dislike this song: it''s supposed to be a power  ballad right? Something that''s uplifting and motivating by the end.  However, the final chorus has NO extra UMPH at the end and actually sounds  just like the first one. Instead of crescendo-ing into a powerful finish,  Roar just says on the same wavelength. It falls flat.Ôªø",f,CevxZvSJLk8,UC-8Q-hLdECwQmaWNwXitYDw,2013-09-05,Katy Perry - Roar (Official),15586013,760708,3673686440
308,Uro≈° Slemenjak,2014-11-07,"People, here is a new network like FB...you register also free, the  difference is only that you get paid for sharing, commenting and liking  posts and so one...don''t waste your time on fb for sharing and not being  paid!! Register here to make also money with your everyday posts!!  https://www.tsu.co/slema13 Wellcome to everyone! ;)Ôªø",t,CevxZvSJLk8,UC-8Q-hLdECwQmaWNwXitYDw,2013-09-05,Katy Perry - Roar (Official),15586013,760708,3673686440
307,BIANCA FLORENTINA MANTA,2014-11-07,Katy Perry is lionÔªø,f,CevxZvSJLk8,UC-8Q-hLdECwQmaWNwXitYDw,2013-09-05,Katy Perry - Roar (Official),15586013,760708,3673686440
306,dinda zivic,2014-11-07,Katy Perry - Roar (Official): http://youtu.be/CevxZvSJLk8Ôªø,f,CevxZvSJLk8,UC-8Q-hLdECwQmaWNwXitYDw,2013-09-05,Katy Perry - Roar (Official),15586013,760708,3673686440
305,Paola Zelaya Deras,2014-11-07,This song is so AWESOME!!!She made everything stand out and all the viewers  could imagine themselves at the setting of the video. Awesome Job Katy  Perry!!!!Ôªø,f,CevxZvSJLk8,UC-8Q-hLdECwQmaWNwXitYDw,2013-09-05,Katy Perry - Roar (Official),15586013,760708,3673686440
304,Yourmomma Son,2014-11-06,This is so stupid. If you Roared at a Lion in real life you'd dedeÔªø,f,CevxZvSJLk8,UC-8Q-hLdECwQmaWNwXitYDw,2013-09-05,Katy Perry - Roar (Official),15586013,760708,3673686440
303,Serj Cat,2014-11-06,"Nature is beautiful, no need to place tits in video to impress people.Ôªø",f,CevxZvSJLk8,UC-8Q-hLdECwQmaWNwXitYDw,2013-09-05,Katy Perry - Roar (Official),15586013,760708,3673686440
302,Quinho Divulga√ßoes,2014-11-06,me segue ha  https://www.facebook.com/marcos.sousa4?fref=tsÔªø,t,CevxZvSJLk8,UC-8Q-hLdECwQmaWNwXitYDw,2013-09-05,Katy Perry - Roar (Official),15586013,760708,3673686440
301,Bobby Carlos,2014-11-06,"Lets be honest, you wouldn''t last 1 day on your own in the jungle. Stop  living n a fairy world.Ôªø",f,CevxZvSJLk8,UC-8Q-hLdECwQmaWNwXitYDw,2013-09-05,Katy Perry - Roar (Official),15586013,760708,3673686440
300,LrsLzk,2014-11-06,"I can''t comprehend why this video has nearly 700,000,000 views. Some people  found ''Gangnam Style'' funny so that explains its high view count but this  is just an awful pop song. I really have no clue on this one.Ôªø",f,CevxZvSJLk8,UC-8Q-hLdECwQmaWNwXitYDw,2013-09-05,Katy Perry - Roar (Official),15586013,760708,3673686440
299,Fazeela Boodoo,2014-11-06,It looks so real and my daughter is a big fan and she likes a lot of your  songs.Ôªø,f,CevxZvSJLk8,UC-8Q-hLdECwQmaWNwXitYDw,2013-09-05,Katy Perry - Roar (Official),15586013,760708,3673686440
298,Abhishek Kumar Gendah,2014-11-06,And somehow she has access to makeup in the middle of the woods...Ôªø,f,CevxZvSJLk8,UC-8Q-hLdECwQmaWNwXitYDw,2013-09-05,Katy Perry - Roar (Official),15586013,760708,3673686440
297,Googles top ten pics,2014-11-06,Katy Perry - Roar (Official): http://youtu.be/CevxZvSJLk8. I love this song  and video Katy Perry Rocks Wahoo! üòÄüòòÔªø,f,CevxZvSJLk8,UC-8Q-hLdECwQmaWNwXitYDw,2013-09-05,Katy Perry - Roar (Official),15586013,760708,3673686440
296,William Carey,2014-11-06,"This song is the most boring, asinine song I have ever heard. Coming from a  guy who liked Teenage Dream (the song). Ever since Katy Perry''s divorce  it''s wave after wave of shitty but successful songs... For those of you  saying This is the next wave of pop music. Stick it up your ass. Katy  Perry is like Silly Putty. Ôªø",f,CevxZvSJLk8,UC-8Q-hLdECwQmaWNwXitYDw,2013-09-05,Katy Perry - Roar (Official),15586013,760708,3673686440
295,a carlton,2014-11-06,I LOVE YOU!!! Because u make me smile when im sad you cheer me up with your  beautiful songs (: &lt;3Ôªø,f,CevxZvSJLk8,UC-8Q-hLdECwQmaWNwXitYDw,2013-09-05,Katy Perry - Roar (Official),15586013,760708,3673686440
294,RezAIIDay,2014-11-05,Such a good song ans Katy sounds great over the melody. Im growing as an  artist everyday from my hit song 'CRAZY' which has got my name out there.  cant thank my fans more for their support. If you could take a moment? to  check it and my music? maybe you'll join me to make my dream come true :)  thank you for your timeÔªø,t,CevxZvSJLk8,UC-8Q-hLdECwQmaWNwXitYDw,2013-09-05,Katy Perry - Roar (Official),15586013,760708,3673686440
293,m450nH,2014-11-05,"DAMNNNNNNNN, she is sexy O_OÔªø",f,CevxZvSJLk8,UC-8Q-hLdECwQmaWNwXitYDw,2013-09-05,Katy Perry - Roar (Official),15586013,760708,3673686440
292,ELPaso1990TX,2014-11-05,I'd rather hear some propa explicit gangsta rap insted of this garbage.  This song is trash !Ôªø,f,CevxZvSJLk8,UC-8Q-hLdECwQmaWNwXitYDw,2013-09-05,Katy Perry - Roar (Official),15586013,760708,3673686440
291,hassan ss,2014-11-05,https://www.facebook.com/photo.php?fbid=313454548839369&amp;set=a.207230212795137.1073741825.100005244783212&amp;type=1&amp;theater  1111111111111111111Ôªø,t,CevxZvSJLk8,UC-8Q-hLdECwQmaWNwXitYDw,2013-09-05,Katy Perry - Roar (Official),15586013,760708,3673686440
290,OFFICIAL LEXIS,2014-11-04,Hi everyone! Do you like music? Then why not check out my music channel.  The LEXIS band will be uploading their own songs and covers soon so don't  miss out. Please SUBSCRIBE too as it does help us out a lot. Just takes one  click. -&gt;Ôªø,t,CevxZvSJLk8,UC-8Q-hLdECwQmaWNwXitYDw,2013-09-05,Katy Perry - Roar (Official),15586013,760708,3673686440
289,Truc Ng,2014-11-04,https://www.facebook.com/myfunnyriddlesÔªø,t,CevxZvSJLk8,UC-8Q-hLdECwQmaWNwXitYDw,2013-09-05,Katy Perry - Roar (Official),15586013,760708,3673686440
288,kyle kops,2014-11-04,https://soundcloud.com/j-supt-fils-du-son/fucking-hostileÔªø,t,CevxZvSJLk8,UC-8Q-hLdECwQmaWNwXitYDw,2013-09-05,Katy Perry - Roar (Official),15586013,760708,3673686440
287,John Monster,2014-11-03,Œüh my god ... Roar is the most liked video at Vevo .. while 2 months ago  was Justin's Baby.. congrats Katy . Applause &lt;3 Ôªø,f,CevxZvSJLk8,UC-8Q-hLdECwQmaWNwXitYDw,2013-09-05,Katy Perry - Roar (Official),15586013,760708,3673686440
286,Bruno Alderete,2014-11-02,EVERYBODY PLEASE VOTE KATY AT EMA 2014 !!!!!  Best song  Best female Best pop Best live Best look  Best video  PLEASE VOTE KATY !!!!! PLEASE PLEASE PLEASE !!!!! VOTE VOTE VOTE !!!!! KATY KATY KATY !!!!!Ôªø,t,CevxZvSJLk8,UC-8Q-hLdECwQmaWNwXitYDw,2013-09-05,Katy Perry - Roar (Official),15586013,760708,3673686440
285,Michael Jurek,2014-11-02,I did a cover if u want to check it out THANK U.....Michael Age 8Ôªø,t,CevxZvSJLk8,UC-8Q-hLdECwQmaWNwXitYDw,2013-09-05,Katy Perry - Roar (Official),15586013,760708,3673686440
284,Khris Parkhill,2014-11-02,The Perry you're doing a good job good job I love all of their videos and  by the way can you please describe to my channel please please please  please I'm trying to get as many comments to Skyburst lights is a cancer  and get famous pleaseÔªø,t,CevxZvSJLk8,UC-8Q-hLdECwQmaWNwXitYDw,2013-09-05,Katy Perry - Roar (Official),15586013,760708,3673686440
283,Jackson Heber,2014-11-01,I love katty perryÔªø,f,CevxZvSJLk8,UC-8Q-hLdECwQmaWNwXitYDw,2013-09-05,Katy Perry - Roar (Official),15586013,760708,3673686440
282,Nedim Alp SE√áGEL,2014-11-01, Facebook account HACK!! http://hackfbaccountlive.com/?ref=4477063Ôªø,t,CevxZvSJLk8,UC-8Q-hLdECwQmaWNwXitYDw,2013-09-05,Katy Perry - Roar (Official),15586013,760708,3673686440
281,EDIN TIUL,2014-10-31,http://hackfbaccountlive.com/?ref=4344749Ôªø,t,CevxZvSJLk8,UC-8Q-hLdECwQmaWNwXitYDw,2013-09-05,Katy Perry - Roar (Official),15586013,760708,3673686440
280,sreekrishna praveen,2014-10-31,i love you katy perry because you will sing nice than shakiraÔªø,f,CevxZvSJLk8,UC-8Q-hLdECwQmaWNwXitYDw,2013-09-05,Katy Perry - Roar (Official),15586013,760708,3673686440
279,Grace R,2014-10-31,https://www.facebook.com/antrobofficialÔªø,t,CevxZvSJLk8,UC-8Q-hLdECwQmaWNwXitYDw,2013-09-05,Katy Perry - Roar (Official),15586013,760708,3673686440
278,Mauro Tricolor,2014-10-30,http://minhateca.com.br/mauro-sp2013/Filmes+Series+Desenhos+Animes+Mp3+etcÔªø,t,CevxZvSJLk8,UC-8Q-hLdECwQmaWNwXitYDw,2013-09-05,Katy Perry - Roar (Official),15586013,760708,3673686440
277,LuckyMusiqLive,2014-10-30,this song gives me strength! love her lyrics. this video really brings the  lyrics to life. I'm getting known fast because i rap with meaning.. thumbs  up if you piss next to the water in the toilet so its quiet...Ôªø,t,CevxZvSJLk8,UC-8Q-hLdECwQmaWNwXitYDw,2013-09-05,Katy Perry - Roar (Official),15586013,760708,3673686440
276,Alain Marius,2014-10-30,http://vimeo.com/106865403Ôªø,t,CevxZvSJLk8,UC-8Q-hLdECwQmaWNwXitYDw,2013-09-05,Katy Perry - Roar (Official),15586013,760708,3673686440
275,michael smith,2014-10-30,00 : 39 Im pretty sure that tiger just wanted a hugÔªø,f,CevxZvSJLk8,UC-8Q-hLdECwQmaWNwXitYDw,2013-09-05,Katy Perry - Roar (Official),15586013,760708,3673686440
274,Nerdy Peach,2014-10-29,Hey! I'm NERDY PEACH and I'm a new youtuber and it would mean THE ABSOLUTE  world to me if you could check 'em out! &lt;3  Hope you like them! =DÔªø,t,CevxZvSJLk8,UC-8Q-hLdECwQmaWNwXitYDw,2013-09-05,Katy Perry - Roar (Official),15586013,760708,3673686440
273,D Germain,2014-10-29,please look up DHG SONGS this is my playlist with a bunch of amazing songs Ôªø,t,CevxZvSJLk8,UC-8Q-hLdECwQmaWNwXitYDw,2013-09-05,Katy Perry - Roar (Official),15586013,760708,3673686440
272,themind blasters,2014-10-29,plz subscribe to my channel i need subs and if you do i will sub back i  need helpÔªø,t,CevxZvSJLk8,UC-8Q-hLdECwQmaWNwXitYDw,2013-09-05,Katy Perry - Roar (Official),15586013,760708,3673686440
271,youngj,2014-10-29,People who believe in Illuminati are stupid the same people believe that  911 was made by the American governmentÔªø,f,CevxZvSJLk8,UC-8Q-hLdECwQmaWNwXitYDw,2013-09-05,Katy Perry - Roar (Official),15586013,760708,3673686440
270,Boshra Abdrhman,2014-10-29,Love itÔªø,f,CevxZvSJLk8,UC-8Q-hLdECwQmaWNwXitYDw,2013-09-05,Katy Perry - Roar (Official),15586013,760708,3673686440
269,adrianavargova,2014-10-29,"When I hear Katy singing this, I cry. The song has got depth.Ôªø",f,CevxZvSJLk8,UC-8Q-hLdECwQmaWNwXitYDw,2013-09-05,Katy Perry - Roar (Official),15586013,760708,3673686440
268,Chris Madzier,2014-10-29,Katy Perry - Roar (Official)  #soundsofsunday   #music  Ôªø,f,CevxZvSJLk8,UC-8Q-hLdECwQmaWNwXitYDw,2013-09-05,Katy Perry - Roar (Official),15586013,760708,3673686440
267,NeverGreen35,2014-10-28,Subscribe me and i subscribe you back!!Ôªø,t,CevxZvSJLk8,UC-8Q-hLdECwQmaWNwXitYDw,2013-09-05,Katy Perry - Roar (Official),15586013,760708,3673686440
266,Marie farias,2014-10-28,Love it when I can relate to my daughter's music. :-) Katy Perry - Roar  (Official): http://youtu.be/CevxZvSJLk8Ôªø,f,CevxZvSJLk8,UC-8Q-hLdECwQmaWNwXitYDw,2013-09-05,Katy Perry - Roar (Official),15586013,760708,3673686440
265,Yonate,2014-10-28,Sign up for free on TSU and start making money on social media add/follow  me and ill add follow you!! http://tsu.co/Roberts9010Ôªø,t,CevxZvSJLk8,UC-8Q-hLdECwQmaWNwXitYDw,2013-09-05,Katy Perry - Roar (Official),15586013,760708,3673686440
264,ahmed soliman,2014-10-28,we all love you Katy Perry &lt;3Ôªø,f,CevxZvSJLk8,UC-8Q-hLdECwQmaWNwXitYDw,2013-09-05,Katy Perry - Roar (Official),15586013,760708,3673686440
263,Robert Petrea,2014-10-27,"She kinda let herself go, huh?Ôªø",f,CevxZvSJLk8,UC-8Q-hLdECwQmaWNwXitYDw,2013-09-05,Katy Perry - Roar (Official),15586013,760708,3673686440
262,Emily Thrun,2014-10-27,Put famous people in the jungle for an hour and look what happens.Ôªø,f,CevxZvSJLk8,UC-8Q-hLdECwQmaWNwXitYDw,2013-09-05,Katy Perry - Roar (Official),15586013,760708,3673686440
261,Nick McGoldrick,2014-10-27,Check out my drum cover of E.T. here! thanks -&gt;   /watch?v=NO9pOVZ9OIQ&amp;list=UUltuCDIHsDeI01by1OW7WuQÔªø,t,CevxZvSJLk8,UC-8Q-hLdECwQmaWNwXitYDw,2013-09-05,Katy Perry - Roar (Official),15586013,760708,3673686440
260,Shaun Mac,2014-10-26,Also LuckyMusiqLive she probably could help u make it big because I think u  have talent. Just look her name up on the internet. Hit me up when u get  this messageÔªø,t,CevxZvSJLk8,UC-8Q-hLdECwQmaWNwXitYDw,2013-09-05,Katy Perry - Roar (Official),15586013,760708,3673686440
259,Denzel Saimi,2014-10-26,I fucking hate her. Why? Because she don't write her songs she got  producers for that. Second why tha fack is she in every song almost nude  mayby because she's an attention hooker.Ôªø,f,CevxZvSJLk8,UC-8Q-hLdECwQmaWNwXitYDw,2013-09-05,Katy Perry - Roar (Official),15586013,760708,3673686440
258,GX2re,2014-10-26,Katy Perry can't sing for shit. All i hear it autotune.Ôªø,f,CevxZvSJLk8,UC-8Q-hLdECwQmaWNwXitYDw,2013-09-05,Katy Perry - Roar (Official),15586013,760708,3673686440
257,IMustKillGoogle+,2014-10-25,Glad to know im not the only one who knows its katheryn's birthday today :)  happy birthday katy...and my sister. (they seriously have the same  birthday...)Ôªø,f,CevxZvSJLk8,UC-8Q-hLdECwQmaWNwXitYDw,2013-09-05,Katy Perry - Roar (Official),15586013,760708,3673686440
256,ali aydƒ±n,2014-10-25,I like you . Katy Perry 600‚ñ≤60‚ñ≤6‚ñ≤Ôªø,f,CevxZvSJLk8,UC-8Q-hLdECwQmaWNwXitYDw,2013-09-05,Katy Perry - Roar (Official),15586013,760708,3673686440
255,Charles Breheny,2014-10-25,Www.youniqueproducts.com/joannagordon Younique by Joanna Gordon www.youniqueproducts.comÔªø,t,CevxZvSJLk8,UC-8Q-hLdECwQmaWNwXitYDw,2013-09-05,Katy Perry - Roar (Official),15586013,760708,3673686440
254,Ashley Smith,2014-10-25,"Hey ! I know most people don''t like these kind of comments &amp; see at spam,  but I see as free advertising . So please check out my cover of Sparks Fly  by Taylor Swift ! It is not the best ever I know, but maybe with some  encouraging words of wisdom from many of you I can become better! Please go  to my channel and check it out !Ôªø",t,CevxZvSJLk8,UC-8Q-hLdECwQmaWNwXitYDw,2013-09-05,Katy Perry - Roar (Official),15586013,760708,3673686440
253,Hude Deni,2014-10-25,HAPPY BIRTHDAY KATY :) http://giphy.com/gifs/birthday-flowers-happy-gw3JY2uqiaXKaQXS/fullscreen  (That¬¥s not me)Ôªø,t,CevxZvSJLk8,UC-8Q-hLdECwQmaWNwXitYDw,2013-09-05,Katy Perry - Roar (Official),15586013,760708,3673686440
252,Brian Schultes,2014-10-25,this song never get's old &lt;3 Ôªø,f,CevxZvSJLk8,UC-8Q-hLdECwQmaWNwXitYDw,2013-09-05,Katy Perry - Roar (Official),15586013,760708,3673686440
251,ŒëŒìŒõŒëŒ™Œë ŒõŒïŒ†Œ§ŒüŒöŒëŒ°ŒôŒîŒüŒ•,2014-10-24,:-D ‚ô™‚ô™‚ô™ This is my favorite song ‚ô•Ôªø,f,CevxZvSJLk8,UC-8Q-hLdECwQmaWNwXitYDw,2013-09-05,Katy Perry - Roar (Official),15586013,760708,3673686440
250,randman21,2014-10-24,I just realized that this verses in this song have the exact same melody as  the verses in Hey Ho by the Lumineers.Ôªø,f,CevxZvSJLk8,UC-8Q-hLdECwQmaWNwXitYDw,2013-09-05,Katy Perry - Roar (Official),15586013,760708,3673686440
249,katy perry,2014-10-24,Hey Katycats! We are releasing a movie at midnight UK time to celebrate  katy's 30th birthday! Be sure to subscribe to our channel and watch the  movie!Ôªø,t,CevxZvSJLk8,UC-8Q-hLdECwQmaWNwXitYDw,2013-09-05,Katy Perry - Roar (Official),15586013,760708,3673686440
248,ÿßÿ≠ŸÖÿØ ÿßŸÑŸáŸàÿßÿ±Ÿâ,2014-10-24,(( rapid facebook )) the free version of all colors and is characterized by  fast and beauty download now https://play.google.com/store/apps/details?id=com.rapid.facebook.magicdroidÔªø,t,CevxZvSJLk8,UC-8Q-hLdECwQmaWNwXitYDw,2013-09-05,Katy Perry - Roar (Official),15586013,760708,3673686440
247,KatyPerry TheQueenOfPop,2014-10-24,":: ATTENTION : WE NEED 10 Million Views More for FIREWORK to Reach 500M .. We have only 1 and half day left for katy''s birtgday. Listen How it could be possible?? &gt;&gt;JUST Open different Tabs from Different Browser &gt;&gt;Dont Watch Full Video, Remember We dont have time on hand, Its Time Wasting. View it only for 30 sec. Plz thumbs up and shareÔªø",t,CevxZvSJLk8,UC-8Q-hLdECwQmaWNwXitYDw,2013-09-05,Katy Perry - Roar (Official),15586013,760708,3673686440
246,nleeklee polowtehow,2014-10-24,"she is a fool. this is a foolish video. the lyrics are all about her and  how great she is. she is arrogant, obviously. but the thing is that there  are a lot of idiots.. look how many hits this garnered. the young stupid  girls who listen to her are numbering in the millions i guess. this video  is a piece of trash. why would anyone ever like it or listen to it? because  these stupid little girls have idiots for fathers and mothers.. and so they  are going to turn into idiots also.. just like this stupid singer. Ôªø",f,CevxZvSJLk8,UC-8Q-hLdECwQmaWNwXitYDw,2013-09-05,Katy Perry - Roar (Official),15586013,760708,3673686440
245,ollie123216,2014-10-23,"How do you forget you have a choice, and what the fuck, surviving a plane  crash has a 1/1000 chance of happening.Ôªø",f,CevxZvSJLk8,UC-8Q-hLdECwQmaWNwXitYDw,2013-09-05,Katy Perry - Roar (Official),15586013,760708,3673686440
244,Patricia  Reyes,2014-10-23,I love the song roar it make me think am fill the wayÔªø,f,CevxZvSJLk8,UC-8Q-hLdECwQmaWNwXitYDw,2013-09-05,Katy Perry - Roar (Official),15586013,760708,3673686440
243,haribo elf,2014-10-21,She is fitÔªø,f,CevxZvSJLk8,UC-8Q-hLdECwQmaWNwXitYDw,2013-09-05,Katy Perry - Roar (Official),15586013,760708,3673686440
242,Chewwy Moriarty,2014-10-21,I love this songÔªø,f,CevxZvSJLk8,UC-8Q-hLdECwQmaWNwXitYDw,2013-09-05,Katy Perry - Roar (Official),15586013,760708,3673686440
241,sebastian hudson,2014-10-21,katy is mine the girl of my dreams ‚ô•Ôªø,f,CevxZvSJLk8,UC-8Q-hLdECwQmaWNwXitYDw,2013-09-05,Katy Perry - Roar (Official),15586013,760708,3673686440
240,MrSlowGhost,2014-10-21,It should be illegal to be this goodlooking as this babe is...Ôªø,f,CevxZvSJLk8,UC-8Q-hLdECwQmaWNwXitYDw,2013-09-05,Katy Perry - Roar (Official),15586013,760708,3673686440
239,Youyou A.,2014-10-21,"I make guitar covers, please have a look at my channelÔªø",t,CevxZvSJLk8,UC-8Q-hLdECwQmaWNwXitYDw,2013-09-05,Katy Perry - Roar (Official),15586013,760708,3673686440
238,subscrool,2014-10-21,"666,002,018 views! 666 million. 666! Katy Perry illuminati confirmed!!!Ôªø",f,CevxZvSJLk8,UC-8Q-hLdECwQmaWNwXitYDw,2013-09-05,Katy Perry - Roar (Official),15586013,760708,3673686440
237,Freya Questionmark,2014-10-21,"Good thing she brought her spray-on tan, hairstylist, makeup artist, and  cameraman.Ôªø",f,CevxZvSJLk8,UC-8Q-hLdECwQmaWNwXitYDw,2013-09-05,Katy Perry - Roar (Official),15586013,760708,3673686440
236,Merenguette,2014-10-21,this video is great .....!!! I love this........and like much katy perryÔªø,f,CevxZvSJLk8,UC-8Q-hLdECwQmaWNwXitYDw,2013-09-05,Katy Perry - Roar (Official),15586013,760708,3673686440
235,hernan perez ovando,2014-10-20,;-)Ôªø,f,CevxZvSJLk8,UC-8Q-hLdECwQmaWNwXitYDw,2013-09-05,Katy Perry - Roar (Official),15586013,760708,3673686440
234,Flip Tee,2014-10-20,"HONESTLY, I WANNA SEE YOU BE BRAVE! oh wait...Ôªø",f,CevxZvSJLk8,UC-8Q-hLdECwQmaWNwXitYDw,2013-09-05,Katy Perry - Roar (Official),15586013,760708,3673686440
233,ikbal kemerkaya,2014-10-20,I LOVE YOU KATTY PERRY &lt;3 Ôªø,f,CevxZvSJLk8,UC-8Q-hLdECwQmaWNwXitYDw,2013-09-05,Katy Perry - Roar (Official),15586013,760708,3673686440
232,Mary-Jane Watson,2014-10-20,"She is good. Does she make any more music? If she doesn''t, she should!Ôªø",f,CevxZvSJLk8,UC-8Q-hLdECwQmaWNwXitYDw,2013-09-05,Katy Perry - Roar (Official),15586013,760708,3673686440
230,Fredrik Jonsson,2014-10-19,Thank you KatyPerryVevo for your instagram likes @axeljonssonsÔªø,t,CevxZvSJLk8,UC-8Q-hLdECwQmaWNwXitYDw,2013-09-05,Katy Perry - Roar (Official),15586013,760708,3673686440
229,Abigail Gustav,2014-10-19,Best song ever Ôªø,f,CevxZvSJLk8,UC-8Q-hLdECwQmaWNwXitYDw,2013-09-05,Katy Perry - Roar (Official),15586013,760708,3673686440
228,Mardhy Hassan,2014-10-19,why tiger succumbs to a beautiful girl ?.probably male tiger.....????   ha.ha.ha..Ôªø,f,CevxZvSJLk8,UC-8Q-hLdECwQmaWNwXitYDw,2013-09-05,Katy Perry - Roar (Official),15586013,760708,3673686440
227,Rebecca Shields,2014-10-19,Yesterday this video have 1 million likes and now it has 2 millionÔªø,f,CevxZvSJLk8,UC-8Q-hLdECwQmaWNwXitYDw,2013-09-05,Katy Perry - Roar (Official),15586013,760708,3673686440
226,abdilefe,2014-10-18,Plz help me getting 1.000 Subscribers tonight/today.  Thanks to all who sub me :)Ôªø,t,CevxZvSJLk8,UC-8Q-hLdECwQmaWNwXitYDw,2013-09-05,Katy Perry - Roar (Official),15586013,760708,3673686440
225,nanaIAMNANA,2014-10-18,Hi! I would appreciate it if you all could help to like this poster on  Facebook:  https://www.facebook.com/nyghdramafest2014/photos/a.333608120156973.1073741830.327568907427561/333607726823679/?type=3&amp;theater Ôªø,t,CevxZvSJLk8,UC-8Q-hLdECwQmaWNwXitYDw,2013-09-05,Katy Perry - Roar (Official),15586013,760708,3673686440
224,FreexGaming,2014-10-18,want to win borderlands the pre-sequel? check my channel :)Ôªø,t,CevxZvSJLk8,UC-8Q-hLdECwQmaWNwXitYDw,2013-09-05,Katy Perry - Roar (Official),15586013,760708,3673686440
223,Aarjav Parmar,2014-10-18,Man she is BEAUTIFUL!Ôªø,f,CevxZvSJLk8,UC-8Q-hLdECwQmaWNwXitYDw,2013-09-05,Katy Perry - Roar (Official),15586013,760708,3673686440
222,MeSoHornyMeLuvULongTime,2014-10-18,This video is so racist!!! There are only animals.Ôªø,f,CevxZvSJLk8,UC-8Q-hLdECwQmaWNwXitYDw,2013-09-05,Katy Perry - Roar (Official),15586013,760708,3673686440
221,Brandon Tomlin,2014-10-17,Like my page please...  https://m.facebook.com/Dreaddis?ref=m_notif¬¨if_t=fbpage_fan_invite&amp;actorid=1442646731  Ôªø,t,CevxZvSJLk8,UC-8Q-hLdECwQmaWNwXitYDw,2013-09-05,Katy Perry - Roar (Official),15586013,760708,3673686440
220,Ed Diamond,2014-10-17,"Man she is hot in this one, male companions visit my profile to check out  the coolest sextoy ever made!Ôªø",t,CevxZvSJLk8,UC-8Q-hLdECwQmaWNwXitYDw,2013-09-05,Katy Perry - Roar (Official),15586013,760708,3673686440
219,Bob McBobbers,2014-10-17,"Hey guys, I was working last night on this project, it''s a music streamer  like spotify, but it allows you to download the files to listen to when  you''re offline. Opening it as a free beta, feel free to try it out :) download: https://mega.co.nz/#!ehVjzKyA!5bGKg2iWPHZOHWAEUesrWnegqG_lABcO7Rw9WFX8hAoÔªø",t,CevxZvSJLk8,UC-8Q-hLdECwQmaWNwXitYDw,2013-09-05,Katy Perry - Roar (Official),15586013,760708,3673686440
218,ColoursBruh,2014-10-17,Katy has a voice of an AngelÔªø,f,CevxZvSJLk8,UC-8Q-hLdECwQmaWNwXitYDw,2013-09-05,Katy Perry - Roar (Official),15586013,760708,3673686440
217,Salena Oneal,2014-10-16,If you looking for new music to listen to check out cece song called  dead2me on iTunes music video out now right here on youtube.Ôªø,t,CevxZvSJLk8,UC-8Q-hLdECwQmaWNwXitYDw,2013-09-05,Katy Perry - Roar (Official),15586013,760708,3673686440
216,big macintosh,2014-10-16,Wow she is sexy XDÔªø,f,CevxZvSJLk8,UC-8Q-hLdECwQmaWNwXitYDw,2013-09-05,Katy Perry - Roar (Official),15586013,760708,3673686440
215,Bi - Bases of Image [Musical videos],2014-10-15,Visit my channelÔªø,t,CevxZvSJLk8,UC-8Q-hLdECwQmaWNwXitYDw,2013-09-05,Katy Perry - Roar (Official),15586013,760708,3673686440
214,Rajesh Bhat,2014-10-15,"My honest opinion. It''s a very mediocre song. Nothing unique or special  about her music, lyrics or voice. Nothing memorable like Billie Jean or  Beat It. Before her millions of fans reply with hate comments, i know this  is a democracy and people are free to see what they want. But then don''t I  have the right to express my opinion? Please don''t reply with dumb comments  lie if you don''t like it don''t watch it. I just came here to see what''s  the buzz about(661 million views??) and didn''t like what i saw. OK?Ôªø",f,CevxZvSJLk8,UC-8Q-hLdECwQmaWNwXitYDw,2013-09-05,Katy Perry - Roar (Official),15586013,760708,3673686440
213,Rick Casse,2014-10-15,VOTE FOR KATY FOR THE EMAs! #KATYCATS  http://tv.mtvema.com/artists/katy-perry/i38xh1Ôªø,t,CevxZvSJLk8,UC-8Q-hLdECwQmaWNwXitYDw,2013-09-05,Katy Perry - Roar (Official),15586013,760708,3673686440
212,Alex Lynch,2014-10-14,"C''mon Katy you are so close to 14,000,000 subscribers...come up with  another hit like this and it will happenÔªø",f,CevxZvSJLk8,UC-8Q-hLdECwQmaWNwXitYDw,2013-09-05,Katy Perry - Roar (Official),15586013,760708,3673686440
211,Natalya Korshunova,2014-10-14,Katy Perry - Roar (Official): http://youtu.be/CevxZvSJLk8Ôªø,f,CevxZvSJLk8,UC-8Q-hLdECwQmaWNwXitYDw,2013-09-05,Katy Perry - Roar (Official),15586013,760708,3673686440
210,Morgensen Freya,2014-10-13,follow me on twitter: freyacumqueenÔªø,t,CevxZvSJLk8,UC-8Q-hLdECwQmaWNwXitYDw,2013-09-05,Katy Perry - Roar (Official),15586013,760708,3673686440
209,by.Ovskiy,2014-10-13,"Rap from Belarus, check my channel:)Ôªø",t,CevxZvSJLk8,UC-8Q-hLdECwQmaWNwXitYDw,2013-09-05,Katy Perry - Roar (Official),15586013,760708,3673686440
208,uranium 239,2014-10-13,"blue eyes, can''t be trusted.  uranus bless america.Ôªø",f,CevxZvSJLk8,UC-8Q-hLdECwQmaWNwXitYDw,2013-09-05,Katy Perry - Roar (Official),15586013,760708,3673686440
207,Ella-Grace Aldred,2014-10-13,Is that tiger called 'Katty Purry'?Ôªø,f,CevxZvSJLk8,UC-8Q-hLdECwQmaWNwXitYDw,2013-09-05,Katy Perry - Roar (Official),15586013,760708,3673686440
206,Alexander Mcdonald,2014-10-13,"Anyone Who LOVEs music , please go check out my youtube page and tell me  what you think . I just put a video up and will be doing more song. I''m  just trying to get myself started. Any love is much Appreciated Ôªø",t,CevxZvSJLk8,UC-8Q-hLdECwQmaWNwXitYDw,2013-09-05,Katy Perry - Roar (Official),15586013,760708,3673686440
205,Feredea SJ,2014-10-13,"I love katy fashions tiger, care to visit my blog sinar jahitan  I also have the tiger collections tqvmÔªø",t,CevxZvSJLk8,UC-8Q-hLdECwQmaWNwXitYDw,2013-09-05,Katy Perry - Roar (Official),15586013,760708,3673686440
204,WWWWWWWWWWWWWWWVWW,2014-10-13,she is horrible at acting. cringe-worhty.Ôªø,f,CevxZvSJLk8,UC-8Q-hLdECwQmaWNwXitYDw,2013-09-05,Katy Perry - Roar (Official),15586013,760708,3673686440
203,Fred Smith,2014-10-12,https://www.indiegogo.com/projects/help-stop-my-poverty-cyber-pan-handleing/x/8692160#home Ôªø,t,CevxZvSJLk8,UC-8Q-hLdECwQmaWNwXitYDw,2013-09-05,Katy Perry - Roar (Official),15586013,760708,3673686440
202,Orfeu LUZ DO SOL,2014-10-12,She is a perfect wonder.....Ôªø,f,CevxZvSJLk8,UC-8Q-hLdECwQmaWNwXitYDw,2013-09-05,Katy Perry - Roar (Official),15586013,760708,3673686440
201,ambareesh nimkar,2014-10-12,eye of the tiger i am the champion seems like katy perry is using  titles of old rock songs for lyrics..Ôªø,f,CevxZvSJLk8,UC-8Q-hLdECwQmaWNwXitYDw,2013-09-05,Katy Perry - Roar (Official),15586013,760708,3673686440
200,b0b1t.48058475,2014-10-12,i rekt ur mum last nite. cuz da haterz were 2 much 4 meh lik dis if u cri evertim and sponswer mi robox vidz https://www.indiegogo.com/projects/gimme-dem-moneyz-4-roblox/x/8851222#homeÔªø,t,CevxZvSJLk8,UC-8Q-hLdECwQmaWNwXitYDw,2013-09-05,Katy Perry - Roar (Official),15586013,760708,3673686440
199,imscarlet,2014-10-11,"Every time I watch this mv I just so so so glad that I live in a world that  don''t have to worry about running from a real, human eating tiger.Ôªø",f,CevxZvSJLk8,UC-8Q-hLdECwQmaWNwXitYDw,2013-09-05,Katy Perry - Roar (Official),15586013,760708,3673686440
198,fortune kitty52,2014-10-11,Since when has Katy Perry had her own YouTube channel?Ôªø,f,CevxZvSJLk8,UC-8Q-hLdECwQmaWNwXitYDw,2013-09-05,Katy Perry - Roar (Official),15586013,760708,3673686440
197,Tiny Tim,2014-10-11,What does that tattoo on her right tricep say?Ôªø,f,CevxZvSJLk8,UC-8Q-hLdECwQmaWNwXitYDw,2013-09-05,Katy Perry - Roar (Official),15586013,760708,3673686440
196,Kane Bradford,2014-10-10,I love this sooooooooooooong I love katy perryÔªø,f,CevxZvSJLk8,UC-8Q-hLdECwQmaWNwXitYDw,2013-09-05,Katy Perry - Roar (Official),15586013,760708,3673686440
195,Matt Twine,2014-10-10,Nice song .See my new track.Ôªø,t,CevxZvSJLk8,UC-8Q-hLdECwQmaWNwXitYDw,2013-09-05,Katy Perry - Roar (Official),15586013,760708,3673686440
194,LuckyMusiqLive,2014-10-09,this song is so addicting. the hook is dope and catchy. love the video too.  I'm getting popular fast because i rap real.. thumbs up if you piss next to  the water in the toilet so its quiet................................Ôªø,t,CevxZvSJLk8,UC-8Q-hLdECwQmaWNwXitYDw,2013-09-05,Katy Perry - Roar (Official),15586013,760708,3673686440
193,Dana Nipper,2014-10-09,katy perry is awesomeÔªø,f,CevxZvSJLk8,UC-8Q-hLdECwQmaWNwXitYDw,2013-09-05,Katy Perry - Roar (Official),15586013,760708,3673686440
192,Miss.Farrell Wall,2014-10-09,"i was playing this song and the baby in my belly started to dance to  it.....sooooo cute, but had to take the song out cause of copy right and  add in a youtube made song....still sooo cute the baby danced to this song  LMFAO!!! https://plus.google.com/111982027348137311818/posts/g2JVinPueMoÔªø",t,CevxZvSJLk8,UC-8Q-hLdECwQmaWNwXitYDw,2013-09-05,Katy Perry - Roar (Official),15586013,760708,3673686440
191,Danny Ly,2014-10-09,FREe ITunes Gift card http://shhort.com/a?r=x6J4gBrneÔªø,t,CevxZvSJLk8,UC-8Q-hLdECwQmaWNwXitYDw,2013-09-05,Katy Perry - Roar (Official),15586013,760708,3673686440
190,William Fernandez,2014-10-08,Katy Perry - Roar (Official): http://youtu.be/CevxZvSJLk8Ôªø,f,CevxZvSJLk8,UC-8Q-hLdECwQmaWNwXitYDw,2013-09-05,Katy Perry - Roar (Official),15586013,760708,3673686440
189,Tomas Adomaitis,2014-10-08,https://www.paidverts.com/ref/tomuciux99 esyest money ever. join to our  team!!!!Ôªø,t,CevxZvSJLk8,UC-8Q-hLdECwQmaWNwXitYDw,2013-09-05,Katy Perry - Roar (Official),15586013,760708,3673686440
188,Maryam Yassine,2014-10-08,OMG I LOVE YOU KATY PARRY YOUR SONGS ROCK!!!!!!!!!!!!!!!!! THATS A TOTAL  SUBSCRIBEÔªø,f,CevxZvSJLk8,UC-8Q-hLdECwQmaWNwXitYDw,2013-09-05,Katy Perry - Roar (Official),15586013,760708,3673686440
187,desing,2014-10-08,Who else would give Katy perry a good old mighty roar? ;)Ôªø,f,CevxZvSJLk8,UC-8Q-hLdECwQmaWNwXitYDw,2013-09-05,Katy Perry - Roar (Official),15586013,760708,3673686440
186,Deepty Awasthy,2014-10-07,"The song is very good ...but the video makes no sense...just a nonsense  video...I mean she is telling her story of being stuck on an island, but  the song doesn''t fit in the situation...but nvm...The song is goodÔªø",f,CevxZvSJLk8,UC-8Q-hLdECwQmaWNwXitYDw,2013-09-05,Katy Perry - Roar (Official),15586013,760708,3673686440
185,Magic Man,2014-10-06,DOWNLOAD RAPID FACEBOOK FOR FREE NOW https://play.google.com/store/apps/details?id=com.rapid.facebook.magicdroidÔªø,t,CevxZvSJLk8,UC-8Q-hLdECwQmaWNwXitYDw,2013-09-05,Katy Perry - Roar (Official),15586013,760708,3673686440
184,Annie Trace,2014-10-06,If only I had the body like Katy Perry :)). She looks so hot. I love her  ^^!Ôªø,f,CevxZvSJLk8,UC-8Q-hLdECwQmaWNwXitYDw,2013-09-05,Katy Perry - Roar (Official),15586013,760708,3673686440
183,Amanda C,2014-10-05,Awesome video this is one of my favorite  songsüòÄüòÄüòÄüòÄüòÄüòÄüòÄ‚ù§Ô∏è‚ù§Ô∏è‚ù§Ô∏è‚ù§Ô∏è‚ù§Ô∏è‚ù§Ô∏è‚ù§Ô∏è‚ù§Ô∏èüíéüíéüíéüíéüíéüíÑüíÑüíÑüíÑüíãüíãüíãüíãÔªø,f,CevxZvSJLk8,UC-8Q-hLdECwQmaWNwXitYDw,2013-09-05,Katy Perry - Roar (Official),15586013,760708,3673686440
182,alin silviu lazar,2014-10-05,http://www.googleadservices.com/pagead/aclk?sa=L&amp;ai=CSyOEB1wxVPCfL7D27AbGpYDgBJDPm6IH6MHu05wBgJXbv8sBEAEgkN7lJVCF7byH_f____8BYIOFgICAHKABsKG31wPIAQKpAh_KmC0hBpM-qAMByAPBBKoEkwFP0KullxqI1MG6o43HVzE-eFMqRG4Tu5LLBU_fsZ8gn0HBkJhBX-m83W1TS3_3Dx_HwPdX1Kazsj8o7SIEcVJjmBNsWyiJEcqvHXLbdzStUBOFaloYInWm0_rOOCppS2AuAT6zguICKm0lI83duwMAbzqvenE8TRfAzOrltBb037VzYv_XI4hBNQ2nvh19MrBgE0SIBgGgBgKAB7jeyCg&amp;num=1&amp;cid=5Ggs_m_9mA3TI40fS6mVPICS&amp;sig=AOD64_1OFC7Seh_1pOp-jYrbS7X6-heeNQ&amp;client=ca-pub-8252267209931889&amp;adurl=http://blog.2parale.ro/2014/10/challenge-pentru-afiliati-aplica-la-noile-programe-de-afiliere-si-fii-business-boomerul-lunii/&amp;nm=2&amp;mb=2&amp;bg=!A0QoUc7Q48v3_QIAAABpUgAAACsqAR0_VgOQWQxjmPUyvKoSf3K-q1BvKf9ZE4jhNC3ovckKxCbAFzZpAJiBXWBvVq4jrDgZ8q3rInlwgaBy_bXlfw7ma6dk0RJG14ZkRyizwqdi7HxgGE9tNDD9abflTFkBMbFfcJixNtHwbwkJ6N2onLH2D9EvEagPhoEwXOgBnu5ibgtRkgnAcQ1OIbgMzgAFNSc0lsaRiqj8HQR8T12dWv_7biY4k6I3y4yubloTdE_4XVKlnVeADZzF1L_xRYQkE6Wsur3EdLJWGk8fLq_QALdI-wAzNuysgqjNRDY6VucKLplZONyiSdKc9ebX-0dbHjZdW0LbsJBi40gXm0D0p5KRhv8XInQlI53__wQBaHS8zX4MJHw5vWrkPXFOeKs Ôªø,t,CevxZvSJLk8,UC-8Q-hLdECwQmaWNwXitYDw,2013-09-05,Katy Perry - Roar (Official),15586013,760708,3673686440
181,Gasser ElLord,2014-10-05,That's Good :)Ôªø,f,CevxZvSJLk8,UC-8Q-hLdECwQmaWNwXitYDw,2013-09-05,Katy Perry - Roar (Official),15586013,760708,3673686440
180,Sanfermuebles Muebles,2014-10-03,https://www.facebook.com/profile.php?id=100007085325116Ôªø,t,CevxZvSJLk8,UC-8Q-hLdECwQmaWNwXitYDw,2013-09-05,Katy Perry - Roar (Official),15586013,760708,3673686440
179,Mehmet Ertuƒürul Tohumcu,2014-10-03,https://www.facebook.com/pages/Komedi-burda-gel/775510675841486Ôªø,t,CevxZvSJLk8,UC-8Q-hLdECwQmaWNwXitYDw,2013-09-05,Katy Perry - Roar (Official),15586013,760708,3673686440
178,Tiffany Isaiz,2014-10-02,Our Beautiful Bella has been diagnosed with Wobbler's Syndrome. There is no  way we could afford to do her MRI or surgery. She is not just a dog she is  a very special member of our family. Without the surgery we fear we will  lose her. Please help!  http://www.gofundme.com/f7ekgwÔªø,t,CevxZvSJLk8,UC-8Q-hLdECwQmaWNwXitYDw,2013-09-05,Katy Perry - Roar (Official),15586013,760708,3673686440
177,Priyanshu Panta,2014-10-02,https://www.facebook.com/pages/Hiphop-Express/704682339621282                 like this page yoÔªø,t,CevxZvSJLk8,UC-8Q-hLdECwQmaWNwXitYDw,2013-09-05,Katy Perry - Roar (Official),15586013,760708,3673686440
176,Nadeen Efein,2014-10-01,hi beaties! i made a new channel please go check it out and subscribe and  enjoy!Ôªø,t,CevxZvSJLk8,UC-8Q-hLdECwQmaWNwXitYDw,2013-09-05,Katy Perry - Roar (Official),15586013,760708,3673686440
175,Rayana Santos,2014-09-30,Katy perry songs aren't that bad Ôªø,f,CevxZvSJLk8,UC-8Q-hLdECwQmaWNwXitYDw,2013-09-05,Katy Perry - Roar (Official),15586013,760708,3673686440
174,ŒõœÖŒ¥ŒØŒ± ŒìŒ∫,2014-09-30,She's awesome XDÔªø,f,CevxZvSJLk8,UC-8Q-hLdECwQmaWNwXitYDw,2013-09-05,Katy Perry - Roar (Official),15586013,760708,3673686440
173,Daniel Brave,2014-09-29,https://vimeo.com/107297364Ôªø,t,CevxZvSJLk8,UC-8Q-hLdECwQmaWNwXitYDw,2013-09-05,Katy Perry - Roar (Official),15586013,760708,3673686440
172,Emilie Tifani,2014-09-29,j aiiima plzzz  https://www.facebook.com/pages/%C3%89c%C3%B8l%CE%B5-al-ma%CE%B7b%CE%B5t/302703146601369 Ôªø,t,CevxZvSJLk8,UC-8Q-hLdECwQmaWNwXitYDw,2013-09-05,Katy Perry - Roar (Official),15586013,760708,3673686440
171,Vincenzo Canino 98,2014-09-28,Fantastic!!!Ôªø,f,CevxZvSJLk8,UC-8Q-hLdECwQmaWNwXitYDw,2013-09-05,Katy Perry - Roar (Official),15586013,760708,3673686440
170,Beryllium,2014-09-27,Hi everyone! My dream is to have passionate sex with Katy Perry. Some people do not believe in me‚Ä¶but maybe you will. Sex is a giant part of my life and it pushes me to be a better person! Please give me a chance by giving me a thumbs up! If you love my ambition please SUBSCRIBE!Ôªø,t,CevxZvSJLk8,UC-8Q-hLdECwQmaWNwXitYDw,2013-09-05,Katy Perry - Roar (Official),15586013,760708,3673686440
169,Radiovarietyshow,2014-09-27,"I hear this all the time on radio and its really irritating. That being  said, i like the videoÔªø",f,CevxZvSJLk8,UC-8Q-hLdECwQmaWNwXitYDw,2013-09-05,Katy Perry - Roar (Official),15586013,760708,3673686440
168,Romix &amp; Muffy,2014-09-27,NOKIA spottedÔªø,f,CevxZvSJLk8,UC-8Q-hLdECwQmaWNwXitYDw,2013-09-05,Katy Perry - Roar (Official),15586013,760708,3673686440
167,Crafting English,2014-09-27,most popular video on youtube  Ôªø,f,CevxZvSJLk8,UC-8Q-hLdECwQmaWNwXitYDw,2013-09-05,Katy Perry - Roar (Official),15586013,760708,3673686440
166,Jane Kaspar,2014-09-27,How old is Katy perry?Ôªø,f,CevxZvSJLk8,UC-8Q-hLdECwQmaWNwXitYDw,2013-09-05,Katy Perry - Roar (Official),15586013,760708,3673686440
165,Wonderfulkid,2014-09-27,I love her green eyesÔªø,f,CevxZvSJLk8,UC-8Q-hLdECwQmaWNwXitYDw,2013-09-05,Katy Perry - Roar (Official),15586013,760708,3673686440
164,LuckyMusiqLive,2014-09-25,katy is beautiful. and this song is catchy. I'm a rapper with 25000  subscribers.. thumbs up if you hate when you take a shit and the water  splashes your ballsÔªø,t,CevxZvSJLk8,UC-8Q-hLdECwQmaWNwXitYDw,2013-09-05,Katy Perry - Roar (Official),15586013,760708,3673686440
163,nailey nicool,2014-09-25,https://www.facebook.com/pages/Nailey-nicool/629410220489046?ref=hl like  meeÔªø,t,CevxZvSJLk8,UC-8Q-hLdECwQmaWNwXitYDw,2013-09-05,Katy Perry - Roar (Official),15586013,760708,3673686440
162,Sam Banfield,2014-09-25,My three bigger secrets are: I don't think I'm good enough for me skinny  size. I'm bisexual and I sweat really freaking bad when I'm nervous. -  check out Secret by Austin Mahone's NEW Single!Ôªø,t,CevxZvSJLk8,UC-8Q-hLdECwQmaWNwXitYDw,2013-09-05,Katy Perry - Roar (Official),15586013,760708,3673686440
161,MR magic man,2014-09-25,Please look at my channelÔªø,t,CevxZvSJLk8,UC-8Q-hLdECwQmaWNwXitYDw,2013-09-05,Katy Perry - Roar (Official),15586013,760708,3673686440
160,The Technology Zoo,2014-09-25,In the beginning she was scared off everything and next thing you know she  is out in a leopard bikini!Ôªø,f,CevxZvSJLk8,UC-8Q-hLdECwQmaWNwXitYDw,2013-09-05,Katy Perry - Roar (Official),15586013,760708,3673686440
159,Edouard Reyes,2014-09-24,"A  friend of mine has invented a big dick formula. He had a small dick (4  inches) and he did some research about this topic. During the research, he  found out the secret knowledge of penis enlargement. He applied what he  had learned and now he has a 7 inch dick. He was absolutely amazed by his  results. Of course, it took a few months. Therefore, he has written a book  about this issue in order to help guys. He asked me to promote his book :)  So, guys if you are interested and for more info check this out  https://payhip.com/b/oTIb  . He is selling it for symbolic ¬£1. Thank you ;)Ôªø",t,CevxZvSJLk8,UC-8Q-hLdECwQmaWNwXitYDw,2013-09-05,Katy Perry - Roar (Official),15586013,760708,3673686440
231,TopMusicWorld HD,2014-10-19,Please Subscribe In My Channel ‚ÜíÔªø,t,CevxZvSJLk8,UC-8Q-hLdECwQmaWNwXitYDw,2013-09-05,Katy Perry - Roar (Official),15586013,760708,3673686440
158,Ronnie Cromer,2014-09-24,"You are all sheep, period. This is terrible music.Ôªø",f,CevxZvSJLk8,UC-8Q-hLdECwQmaWNwXitYDw,2013-09-05,Katy Perry - Roar (Official),15586013,760708,3673686440
157,Na'RUtO AnImE,2014-09-23,subscribe please Ôªø,t,CevxZvSJLk8,UC-8Q-hLdECwQmaWNwXitYDw,2013-09-05,Katy Perry - Roar (Official),15586013,760708,3673686440
156,Ghazwan Mattoka,2014-09-23,Nice songÔªø,f,CevxZvSJLk8,UC-8Q-hLdECwQmaWNwXitYDw,2013-09-05,Katy Perry - Roar (Official),15586013,760708,3673686440
155,Danuchi zuuzu,2014-09-23,so cute that monkey *-*! Ôªø,f,CevxZvSJLk8,UC-8Q-hLdECwQmaWNwXitYDw,2013-09-05,Katy Perry - Roar (Official),15586013,760708,3673686440
154,Shane Lumsden,2014-09-23,Where did she find all that make up in a freakin jungle?!Ôªø,f,CevxZvSJLk8,UC-8Q-hLdECwQmaWNwXitYDw,2013-09-05,Katy Perry - Roar (Official),15586013,760708,3673686440
153,Vincent Lenzi,2014-09-22,Free itunes $25 giftcard codes: http://shhort.com/a?r=OOCnjqU2bÔªø,t,CevxZvSJLk8,UC-8Q-hLdECwQmaWNwXitYDw,2013-09-05,Katy Perry - Roar (Official),15586013,760708,3673686440
152,Snipe Last,2014-09-22,why the elephant have a broken hornÔªø,f,CevxZvSJLk8,UC-8Q-hLdECwQmaWNwXitYDw,2013-09-05,Katy Perry - Roar (Official),15586013,760708,3673686440
151,Big BossVEVO,2014-09-22,follow me on instagram bigboss286Ôªø,t,CevxZvSJLk8,UC-8Q-hLdECwQmaWNwXitYDw,2013-09-05,Katy Perry - Roar (Official),15586013,760708,3673686440
150,Alef Paulo,2014-09-22,Y LOVE YOUÔªø,f,CevxZvSJLk8,UC-8Q-hLdECwQmaWNwXitYDw,2013-09-05,Katy Perry - Roar (Official),15586013,760708,3673686440
149,Hany Faisal,2014-09-22,my son love so muchÔªø,f,CevxZvSJLk8,UC-8Q-hLdECwQmaWNwXitYDw,2013-09-05,Katy Perry - Roar (Official),15586013,760708,3673686440
148,tomo fr,2014-09-22,I really like this song.Ôªø,f,CevxZvSJLk8,UC-8Q-hLdECwQmaWNwXitYDw,2013-09-05,Katy Perry - Roar (Official),15586013,760708,3673686440
147,KatyPerry TheQueenOfPop,2014-09-22,--&gt;ATTENTION KATYCATS! Katy leads with 7 noms at this year MTV EMA! do vote daily for her: tv.  mtvema. com/vote (delete spaces) thumbs up and share on fbÔªø,t,CevxZvSJLk8,UC-8Q-hLdECwQmaWNwXitYDw,2013-09-05,Katy Perry - Roar (Official),15586013,760708,3673686440
146,Ramen Noodles,2014-09-22,"She''s got it all. Incredible voice, extremely hot, nice titsÔªø",f,CevxZvSJLk8,UC-8Q-hLdECwQmaWNwXitYDw,2013-09-05,Katy Perry - Roar (Official),15586013,760708,3673686440
145,tonya parker,2014-09-21,This is the best of the best video in world!!!!!!!!!!!!!!!!!!!!!!!!!!!!!Ôªø,f,CevxZvSJLk8,UC-8Q-hLdECwQmaWNwXitYDw,2013-09-05,Katy Perry - Roar (Official),15586013,760708,3673686440
144,The Technology Zoo,2014-09-21,I love roar and Katy Perry. She is my favorite singer and sometimes I just  mute the volume and look at her!Ôªø,f,CevxZvSJLk8,UC-8Q-hLdECwQmaWNwXitYDw,2013-09-05,Katy Perry - Roar (Official),15586013,760708,3673686440
143,Sarcataclysm,2014-09-20,At least she didn't get rid of her completely useless makeup.Ôªø,f,CevxZvSJLk8,UC-8Q-hLdECwQmaWNwXitYDw,2013-09-05,Katy Perry - Roar (Official),15586013,760708,3673686440
142,Vane Cavazos,2014-09-20,Katycat! https://m.facebook.com/profile.php?id=1461302180794905Ôªø,t,CevxZvSJLk8,UC-8Q-hLdECwQmaWNwXitYDw,2013-09-05,Katy Perry - Roar (Official),15586013,760708,3673686440
141,Mohammad Abdelhafez,2014-09-20,Hey guys subscribe to my channel for no reason! Please!..Ôªø,t,CevxZvSJLk8,UC-8Q-hLdECwQmaWNwXitYDw,2013-09-05,Katy Perry - Roar (Official),15586013,760708,3673686440
140,sarah fitzgerald,2014-09-20,Please subscribe every sub gets a shout out tell me what type of videos u  want and I will try make it happenÔªø,t,CevxZvSJLk8,UC-8Q-hLdECwQmaWNwXitYDw,2013-09-05,Katy Perry - Roar (Official),15586013,760708,3673686440
139,citywok68,2014-09-20,Hey guys plz check out my youtube channel to c funny 2 girls 1 cup reaction  thanks and plz subscribe! ThanksÔªø,t,CevxZvSJLk8,UC-8Q-hLdECwQmaWNwXitYDw,2013-09-05,Katy Perry - Roar (Official),15586013,760708,3673686440
138,MrCollinGabriel,2014-09-20,"This is fucking shit. From the first notes, that becomes clear. Complete  and utter shit. May God come and cleanse the earth of the complete and  utter idiocy which is humankind.Ôªø",f,CevxZvSJLk8,UC-8Q-hLdECwQmaWNwXitYDw,2013-09-05,Katy Perry - Roar (Official),15586013,760708,3673686440
137,Darth Vaderbro,2014-09-20,If interested in making extra money by internet use the next link www.swagbucks.com/refer/Nonturtle02Ôªø,t,CevxZvSJLk8,UC-8Q-hLdECwQmaWNwXitYDw,2013-09-05,Katy Perry - Roar (Official),15586013,760708,3673686440
136,roflcopter2110,2014-09-19,http://thepiratebay.se/torrent/10626048/The.Expendables.3.2014.DVDScr.LEAKED.CLEAN.XviD.MP3-RARBG Ôªø,t,CevxZvSJLk8,UC-8Q-hLdECwQmaWNwXitYDw,2013-09-05,Katy Perry - Roar (Official),15586013,760708,3673686440
135,roflcopter2110,2014-09-19,http://thepiratebay.se/torrent/10626835/The.Expendables.3.2014.DVDSCR.Xvid-DiNGO Ôªø,t,CevxZvSJLk8,UC-8Q-hLdECwQmaWNwXitYDw,2013-09-05,Katy Perry - Roar (Official),15586013,760708,3673686440
134,Kaida Tong,2014-09-19,"Since she is a feminist champion, why would she want to reinforce the  stereotype of girls being girly by painting the nails of an elephant that  probably wouldn''t even appreciate it?Ôªø",f,CevxZvSJLk8,UC-8Q-hLdECwQmaWNwXitYDw,2013-09-05,Katy Perry - Roar (Official),15586013,760708,3673686440
133,Tushti Chakraborty,2014-09-19,I &lt;3 Katy Perry!Ôªø,f,CevxZvSJLk8,UC-8Q-hLdECwQmaWNwXitYDw,2013-09-05,Katy Perry - Roar (Official),15586013,760708,3673686440
132,J MP,2014-09-19,https://viralangels.com/user/d4aaacwkÔªø,t,CevxZvSJLk8,UC-8Q-hLdECwQmaWNwXitYDw,2013-09-05,Katy Perry - Roar (Official),15586013,760708,3673686440
131,Emma C,2014-09-18,i am a big fan of you and i love youÔªø,f,CevxZvSJLk8,UC-8Q-hLdECwQmaWNwXitYDw,2013-09-05,Katy Perry - Roar (Official),15586013,760708,3673686440
130,Ari4Cortez5Ortiz 9Uria,2014-09-18,Katty perry please say in one of your new videoes that they follow the  Girls Girls pleaseÔªø,t,CevxZvSJLk8,UC-8Q-hLdECwQmaWNwXitYDw,2013-09-05,Katy Perry - Roar (Official),15586013,760708,3673686440
129,Pettrus Ortega,2014-09-18,"THIS IS A COMPETITION TO MEET MY IDOLS, IT WOULD MEAN SO MUCH IF YOU GUYS  WILL LIKE THIS PIC ON IG! http://instagram.com/p/smZdivopxb/Ôªø",t,CevxZvSJLk8,UC-8Q-hLdECwQmaWNwXitYDw,2013-09-05,Katy Perry - Roar (Official),15586013,760708,3673686440
128,Vena Veno,2014-09-17,She loves Vena. trojmiasto.pl/Vena-Bus-Taxi-o59253.htmlÔªø,t,CevxZvSJLk8,UC-8Q-hLdECwQmaWNwXitYDw,2013-09-05,Katy Perry - Roar (Official),15586013,760708,3673686440
127,DatoJason Jason,2014-09-17,It is a shitÔªø,f,CevxZvSJLk8,UC-8Q-hLdECwQmaWNwXitYDw,2013-09-05,Katy Perry - Roar (Official),15586013,760708,3673686440
126,Chris Madzier,2014-09-16,Your going to hear me Roar !!!! :-))))   #soundsofsunday Ôªø,f,CevxZvSJLk8,UC-8Q-hLdECwQmaWNwXitYDw,2013-09-05,Katy Perry - Roar (Official),15586013,760708,3673686440
125,Mandeep Kaur,2014-09-16,selfie alertÔªø,f,CevxZvSJLk8,UC-8Q-hLdECwQmaWNwXitYDw,2013-09-05,Katy Perry - Roar (Official),15586013,760708,3673686440
124,Harrison Lloyd,2014-09-16,Imagine this in the news crazy woman found acting like a tiger and bit jims  ear offÔªø,f,CevxZvSJLk8,UC-8Q-hLdECwQmaWNwXitYDw,2013-09-05,Katy Perry - Roar (Official),15586013,760708,3673686440
123,Nathan Waterhouse,2014-09-16,Please check out my acoustic cover channel :) thanks Ôªø,t,CevxZvSJLk8,UC-8Q-hLdECwQmaWNwXitYDw,2013-09-05,Katy Perry - Roar (Official),15586013,760708,3673686440
122,Marieke Sp33lma,2014-09-16,Watch my videos xxÔªø,t,CevxZvSJLk8,UC-8Q-hLdECwQmaWNwXitYDw,2013-09-05,Katy Perry - Roar (Official),15586013,760708,3673686440
121,Amana Amjad,2014-09-16,Awesum song!! Jus luv it!Ôªø,f,CevxZvSJLk8,UC-8Q-hLdECwQmaWNwXitYDw,2013-09-05,Katy Perry - Roar (Official),15586013,760708,3673686440
120,Jana Trpevska,2014-09-16,Great.This is a songÔªø,f,CevxZvSJLk8,UC-8Q-hLdECwQmaWNwXitYDw,2013-09-05,Katy Perry - Roar (Official),15586013,760708,3673686440
119,Jian Li,2014-09-16,"see it all, human folly right?Ôªø",f,CevxZvSJLk8,UC-8Q-hLdECwQmaWNwXitYDw,2013-09-05,Katy Perry - Roar (Official),15586013,760708,3673686440
118,Rolando Viray,2014-09-16,This Song Was Good Until It Got Overplayed The Hell Out Of On RadioÔªø,f,CevxZvSJLk8,UC-8Q-hLdECwQmaWNwXitYDw,2013-09-05,Katy Perry - Roar (Official),15586013,760708,3673686440
117,Chloe Steiner,2014-09-16,"Katy Perry is part of me Katy Perry is my firework Katy Perry, I love youÔªø",f,CevxZvSJLk8,UC-8Q-hLdECwQmaWNwXitYDw,2013-09-05,Katy Perry - Roar (Official),15586013,760708,3673686440
116,Nick M,2014-09-16,https://www.reverbnation.com/slicknick313/songsÔªø,t,CevxZvSJLk8,UC-8Q-hLdECwQmaWNwXitYDw,2013-09-05,Katy Perry - Roar (Official),15586013,760708,3673686440
115,Magic Johnson,2014-09-16,Katy Perry is garbage. Rihanna is the best singer in the world. Ôªø,f,CevxZvSJLk8,UC-8Q-hLdECwQmaWNwXitYDw,2013-09-05,Katy Perry - Roar (Official),15586013,760708,3673686440
114,jose ramon Bocarejo,2014-09-15,How can this song have 629 million views while there are only 7 million  people in the world?Ôªø,f,CevxZvSJLk8,UC-8Q-hLdECwQmaWNwXitYDw,2013-09-05,Katy Perry - Roar (Official),15586013,760708,3673686440
113,Alanoud Alsaleh,2014-09-15,"I started hating Katy Perry after finding out that she stole all of the  ideas on her videos  from an old comic book. Yet, her music is catchy. Ôªø",f,CevxZvSJLk8,UC-8Q-hLdECwQmaWNwXitYDw,2013-09-05,Katy Perry - Roar (Official),15586013,760708,3673686440
112,LuckyMusiqLive,2014-09-15,Katy has the voice of gold. this video really brings the lyrics to life. I  am a rapper with 25000 subscribers.. thumbs up if you hate when you take a  shit and the water splashes your nutsÔªø,t,CevxZvSJLk8,UC-8Q-hLdECwQmaWNwXitYDw,2013-09-05,Katy Perry - Roar (Official),15586013,760708,3673686440
111,Peter Wilkes,2014-09-15,"really want this video to get 1 billion views, would be amazing!Ôªø",f,CevxZvSJLk8,UC-8Q-hLdECwQmaWNwXitYDw,2013-09-05,Katy Perry - Roar (Official),15586013,760708,3673686440
110,David Sean,2014-09-15,"Hey guys! I''ve made a amazing Smiley T-Shirt.Of all the things you wear,  your expression is the most important and remember all the statistics in  the world can‚Äôt measure the warmth of a smile. If you''re a big fan of  T-Shirts and want to gets more happiness, it''s perfect for you.  Check this  out and buy it at www.teespring.com/smiley12 =)) thanks you guys so  much!!! Ôªø",t,CevxZvSJLk8,UC-8Q-hLdECwQmaWNwXitYDw,2013-09-05,Katy Perry - Roar (Official),15586013,760708,3673686440
109,Thalia Grace,2014-09-14,This comment will randomly get lot's of likes and replies for no reason. I  also like Jello. Strawberry jello.Ôªø,f,CevxZvSJLk8,UC-8Q-hLdECwQmaWNwXitYDw,2013-09-05,Katy Perry - Roar (Official),15586013,760708,3673686440
108,Veronica Kkk,2014-09-14,My telephone!Ôªø,f,CevxZvSJLk8,UC-8Q-hLdECwQmaWNwXitYDw,2013-09-05,Katy Perry - Roar (Official),15586013,760708,3673686440
107,jay cruz,2014-09-14,looooooooooooooooooooovvvvvvvvveeeeeeeeeeee itttttttttttttÔªø,f,CevxZvSJLk8,UC-8Q-hLdECwQmaWNwXitYDw,2013-09-05,Katy Perry - Roar (Official),15586013,760708,3673686440
106,bea boots,2014-09-14,great song you go katy!Ôªø,f,CevxZvSJLk8,UC-8Q-hLdECwQmaWNwXitYDw,2013-09-05,Katy Perry - Roar (Official),15586013,760708,3673686440
105,Abhi Vats,2014-09-14,Katy Perry You Are Looking Soo PRETTY DAMN CUTE :-* :-*Ôªø,f,CevxZvSJLk8,UC-8Q-hLdECwQmaWNwXitYDw,2013-09-05,Katy Perry - Roar (Official),15586013,760708,3673686440
104,KatyPerry Queen,2014-09-14,Its almost Katys birthday! October 25th Lets say happy birthday to katy!!! ‚ô•‚ô•‚ô•‚ô•‚ô•‚ô•Ôªø,f,CevxZvSJLk8,UC-8Q-hLdECwQmaWNwXitYDw,2013-09-05,Katy Perry - Roar (Official),15586013,760708,3673686440
103,Buffo hrdfjiu,2014-09-13,"I really don''t understand how this has 600 million views lol. I''m not  hating or anything, it''s just confusing. Ôªø",f,CevxZvSJLk8,UC-8Q-hLdECwQmaWNwXitYDw,2013-09-05,Katy Perry - Roar (Official),15586013,760708,3673686440
102,John Chen,2014-09-13,BoooobsÔªø,f,CevxZvSJLk8,UC-8Q-hLdECwQmaWNwXitYDw,2013-09-05,Katy Perry - Roar (Official),15586013,760708,3673686440
101,Jouri Osman,2014-09-13,I love KATY PERRY &lt;3 &lt;3Ôªø,f,CevxZvSJLk8,UC-8Q-hLdECwQmaWNwXitYDw,2013-09-05,Katy Perry - Roar (Official),15586013,760708,3673686440
100,Steve Gallagher,2014-09-13,Maybe the best music video in the last 15 years? This is how pop music is  done folks!Ôªø,f,CevxZvSJLk8,UC-8Q-hLdECwQmaWNwXitYDw,2013-09-05,Katy Perry - Roar (Official),15586013,760708,3673686440
99,MyNameIs Leah,2014-09-13,"Hey guys!  Can you please SUBSCRIBE to my channel,because I''m gonna filming a video so  hope you guys like it and thank you so much for you''re support! Xoxo,Leah!  &lt;3 Ôªø",t,CevxZvSJLk8,UC-8Q-hLdECwQmaWNwXitYDw,2013-09-05,Katy Perry - Roar (Official),15586013,760708,3673686440
98,Yoshi does Minecraft,2014-09-12,Are those real animalsÔªø,f,CevxZvSJLk8,UC-8Q-hLdECwQmaWNwXitYDw,2013-09-05,Katy Perry - Roar (Official),15586013,760708,3673686440
97,Technibility,2014-09-12,Great video by a great artist in Katy Perry! Admire her creativity! Check  out our channel for no nonsense mobile tech reviews and comparisons as well  as an iPhone 6 and 6 Plus review and comparison!Ôªø,t,CevxZvSJLk8,UC-8Q-hLdECwQmaWNwXitYDw,2013-09-05,Katy Perry - Roar (Official),15586013,760708,3673686440
96,ENZOxDV9,2014-09-12,"this video is very inaccurate, a tiger would rip her face ofÔªø",f,CevxZvSJLk8,UC-8Q-hLdECwQmaWNwXitYDw,2013-09-05,Katy Perry - Roar (Official),15586013,760708,3673686440
95,Cristina Valencia,2014-09-12,"hey guys i really want to go to a katy perry concert so im in this contest  where i need a lot of likes and im loosing :( so please if you could like  this picture it would be very nice, thank you i really want to go to her  concert :) https://www.facebook.com/exagdl/photos/a.936868579660284.1073741943.111719098841907/937732262907249/?type=1&amp;theater Ôªø",t,CevxZvSJLk8,UC-8Q-hLdECwQmaWNwXitYDw,2013-09-05,Katy Perry - Roar (Official),15586013,760708,3673686440
94,Analiner Benny,2014-09-12,I love this shit but I disliked it because it's sucksÔªø,f,CevxZvSJLk8,UC-8Q-hLdECwQmaWNwXitYDw,2013-09-05,Katy Perry - Roar (Official),15586013,760708,3673686440
93,Dj enderman,2014-09-12,There is 7 bilion poeple on earth Now stop being dumbÔªø,f,CevxZvSJLk8,UC-8Q-hLdECwQmaWNwXitYDw,2013-09-05,Katy Perry - Roar (Official),15586013,760708,3673686440
92,Gram Bangla,2014-09-12,WOW VERY NICE CONGRASULATION I LIVE SO MUCH http://en.prothom-alo.com/sport/news/53331/Zimbabwe-A-team-due-in-Dhaka-Wednesday Ôªø,t,CevxZvSJLk8,UC-8Q-hLdECwQmaWNwXitYDw,2013-09-05,Katy Perry - Roar (Official),15586013,760708,3673686440
91,SergiBeCa Official,2014-09-12,Can you check my videos please? Don't hate me :( Give me one oportunityÔªø,t,CevxZvSJLk8,UC-8Q-hLdECwQmaWNwXitYDw,2013-09-05,Katy Perry - Roar (Official),15586013,760708,3673686440
90,Misael Navarro Leon,2014-09-11,Katy has conqueror's haki &gt;:)Ôªø,f,CevxZvSJLk8,UC-8Q-hLdECwQmaWNwXitYDw,2013-09-05,Katy Perry - Roar (Official),15586013,760708,3673686440
89,Sheldon Duncombe,2014-09-11,http://www.aaas.org/tech-i/vote#view/25874/2177367 VOTE SHELDON PLEASE  GUYS. GIVE IT 5 STARS. THANKS IN ADVANCEÔªø,t,CevxZvSJLk8,UC-8Q-hLdECwQmaWNwXitYDw,2013-09-05,Katy Perry - Roar (Official),15586013,760708,3673686440
88,o olek,2014-09-11,The great mother of the jungle. Sweet and natural. I like her videos.Ôªø,f,CevxZvSJLk8,UC-8Q-hLdECwQmaWNwXitYDw,2013-09-05,Katy Perry - Roar (Official),15586013,760708,3673686440
87,Ken Santiago,2014-09-11,Roar is without a doubt your best song...feel good song with a message for  everyone. Good job KatyÔªø,f,CevxZvSJLk8,UC-8Q-hLdECwQmaWNwXitYDw,2013-09-05,Katy Perry - Roar (Official),15586013,760708,3673686440
86,Walker's.Enchanted.Music.Channel,2014-09-11,"i think they were drunk when they shot the first half of the video and then the sec on half comes in, and her boobs are magically bigger and  she''s more beautiful suddenly, and the dude practically vanishes Ôªø",f,CevxZvSJLk8,UC-8Q-hLdECwQmaWNwXitYDw,2013-09-05,Katy Perry - Roar (Official),15586013,760708,3673686440
85,Sofi Duarte,2014-09-10,3:46 so cute!Ôªø,f,CevxZvSJLk8,UC-8Q-hLdECwQmaWNwXitYDw,2013-09-05,Katy Perry - Roar (Official),15586013,760708,3673686440
84,TheParkourGamingPotato,2014-09-10,subscribe to meÔªø,t,CevxZvSJLk8,UC-8Q-hLdECwQmaWNwXitYDw,2013-09-05,Katy Perry - Roar (Official),15586013,760708,3673686440
83,M√§ttr Valleni,2014-09-10,https://m.facebook.com/story.php?story_fbid=764484966942313&amp;id=754989901225153&amp;ref=stream  gfÔªø,t,CevxZvSJLk8,UC-8Q-hLdECwQmaWNwXitYDw,2013-09-05,Katy Perry - Roar (Official),15586013,760708,3673686440
82,Jack lewandowski,2014-09-10,Hi guys i sell Jack Daniel's Hard Back Cover Case for iPhone 5 5S 5C 4S 4   6'' Old Time with only 3 Dollars on Ebay:  http://www.ebay.com/itm/251638183951?ssPageName=STRK:MESELX:IT&amp;_trksid=p3984.m1555.l2649 Ôªø,t,CevxZvSJLk8,UC-8Q-hLdECwQmaWNwXitYDw,2013-09-05,Katy Perry - Roar (Official),15586013,760708,3673686440
81,Neo Joey,2014-09-10,Katy perry is and inspirational singer her voice is awesome and I loved her  so much . She achieved music history and I couldn't believe that . Guys if  you could take 1min to go to my channel and watch my first video I would be  greatly thankful for this :) ty guys N katy is still awesome xoxoÔªø,t,CevxZvSJLk8,UC-8Q-hLdECwQmaWNwXitYDw,2013-09-05,Katy Perry - Roar (Official),15586013,760708,3673686440
80,Nicol√°s Jara,2014-09-10,Click For iTunes code http://shhort.com/a?r=0LaviqU2bÔªø,t,CevxZvSJLk8,UC-8Q-hLdECwQmaWNwXitYDw,2013-09-05,Katy Perry - Roar (Official),15586013,760708,3673686440
79,YULIOR ZAMORA,2014-09-10,I    loved        it           so       much          because         you          get         to         stand            fear .Ôªø,f,CevxZvSJLk8,UC-8Q-hLdECwQmaWNwXitYDw,2013-09-05,Katy Perry - Roar (Official),15586013,760708,3673686440
78,Jessy  Riivera,2014-09-10,I love You Katy ‚ô•Ôªø,f,CevxZvSJLk8,UC-8Q-hLdECwQmaWNwXitYDw,2013-09-05,Katy Perry - Roar (Official),15586013,760708,3673686440
77,Made2Falter,2014-09-09,"Check out our vids, our songs are awesome! And that I guarantee :)Ôªø",t,CevxZvSJLk8,UC-8Q-hLdECwQmaWNwXitYDw,2013-09-05,Katy Perry - Roar (Official),15586013,760708,3673686440
76,caleb owczarzak,2014-09-09,This looks so fun and it's a good songÔªø,f,CevxZvSJLk8,UC-8Q-hLdECwQmaWNwXitYDw,2013-09-05,Katy Perry - Roar (Official),15586013,760708,3673686440
75,moilovemoi,2014-09-09,ROAAAAARRRRRR üêØüêØüêØÔªø,f,CevxZvSJLk8,UC-8Q-hLdECwQmaWNwXitYDw,2013-09-05,Katy Perry - Roar (Official),15586013,760708,3673686440
74,taione88,2014-09-09,Please share and help to my Friend! http://www.gofundme.com/jormis  Thank  you very much!Ôªø,t,CevxZvSJLk8,UC-8Q-hLdECwQmaWNwXitYDw,2013-09-05,Katy Perry - Roar (Official),15586013,760708,3673686440
73,blondedbythelight703,2014-09-09,She's an old Whore!Ôªø,f,CevxZvSJLk8,UC-8Q-hLdECwQmaWNwXitYDw,2013-09-05,Katy Perry - Roar (Official),15586013,760708,3673686440
72,Christ Is Risen,2014-09-09,I WILL FINISH THIS DISSERTATION! And I will laugh in its face when I  finish! Roaaarrr =3Ôªø,f,CevxZvSJLk8,UC-8Q-hLdECwQmaWNwXitYDw,2013-09-05,Katy Perry - Roar (Official),15586013,760708,3673686440
71,snc,2014-09-09,follow me---&gt; https://twitter.com/f0llowshoutouts Ôªø,t,CevxZvSJLk8,UC-8Q-hLdECwQmaWNwXitYDw,2013-09-05,Katy Perry - Roar (Official),15586013,760708,3673686440
70,Rahul Thorat,2014-09-09,You gonna hear me ROARRRR.....Ôªø,f,CevxZvSJLk8,UC-8Q-hLdECwQmaWNwXitYDw,2013-09-05,Katy Perry - Roar (Official),15586013,760708,3673686440
69,jessica durham,2014-09-09,"Please help me give my son a grave.  http://www.gofundme.com/BishopsGraveMarker Or please just share it on your  fb page, I do not have one anymore.Ôªø",t,CevxZvSJLk8,UC-8Q-hLdECwQmaWNwXitYDw,2013-09-05,Katy Perry - Roar (Official),15586013,760708,3673686440
68,Sofia Aristizabal,2014-09-09,"I loved, she is amazing.. OMG your eyes*_*Ôªø",f,CevxZvSJLk8,UC-8Q-hLdECwQmaWNwXitYDw,2013-09-05,Katy Perry - Roar (Official),15586013,760708,3673686440
67,Kathy L.,2014-09-08,In my opinion I think you look better with black hair then blond hair : )Ôªø,f,CevxZvSJLk8,UC-8Q-hLdECwQmaWNwXitYDw,2013-09-05,Katy Perry - Roar (Official),15586013,760708,3673686440
66,Christopher Pete S.,2014-09-07,Subscribe and u are gonna hear me roar ;)Ôªø,t,CevxZvSJLk8,UC-8Q-hLdECwQmaWNwXitYDw,2013-09-05,Katy Perry - Roar (Official),15586013,760708,3673686440
65,GGSCommunity,2014-09-07,"Like Gorlin-Goltz Syndrome Support Community, you are not alone. https://www.facebook.com/GorlinGoltzSupportÔªø",t,CevxZvSJLk8,UC-8Q-hLdECwQmaWNwXitYDw,2013-09-05,Katy Perry - Roar (Official),15586013,760708,3673686440
64,Aemon Sevker,2014-09-07, GO TO MY CHANNEL and check out my written songsÔªø,t,CevxZvSJLk8,UC-8Q-hLdECwQmaWNwXitYDw,2013-09-05,Katy Perry - Roar (Official),15586013,760708,3673686440
63,Eder Rodriguez,2014-09-07,katy perry  just stop it and dont do a song i dont like itÔªø,f,CevxZvSJLk8,UC-8Q-hLdECwQmaWNwXitYDw,2013-09-05,Katy Perry - Roar (Official),15586013,760708,3673686440
62,tombraiderxXx12,2014-09-07,I'm not a big fan of the song but this video is awesome!Ôªø,f,CevxZvSJLk8,UC-8Q-hLdECwQmaWNwXitYDw,2013-09-05,Katy Perry - Roar (Official),15586013,760708,3673686440
61,Robert Kim,2014-09-07,"I''m sorry Katy Perry, I was being weird. I still love you &lt;3Ôªø",f,CevxZvSJLk8,UC-8Q-hLdECwQmaWNwXitYDw,2013-09-05,Katy Perry - Roar (Official),15586013,760708,3673686440
60,Richard Valko,2014-09-07,Follow me watch my videos :) Follow me watch my videos :) Follow me watch  my videos :) Follow me watch my videos :) Follow me watch my videos :)  Follow me watch my videos :) Follow me watch my videos :)Ôªø,t,CevxZvSJLk8,UC-8Q-hLdECwQmaWNwXitYDw,2013-09-05,Katy Perry - Roar (Official),15586013,760708,3673686440
59,Divergent lover,2014-09-07,http://shhort.com/a?r=Jt2ufxHxcÔªø,t,CevxZvSJLk8,UC-8Q-hLdECwQmaWNwXitYDw,2013-09-05,Katy Perry - Roar (Official),15586013,760708,3673686440
58,maurice davis,2014-09-07,If she really did this there she's hardcoreÔªø,f,CevxZvSJLk8,UC-8Q-hLdECwQmaWNwXitYDw,2013-09-05,Katy Perry - Roar (Official),15586013,760708,3673686440
57,Ricky Smith,2014-09-07,This song makes me want to drink bleachÔªø,f,CevxZvSJLk8,UC-8Q-hLdECwQmaWNwXitYDw,2013-09-05,Katy Perry - Roar (Official),15586013,760708,3673686440
56,xhonavsky,2014-09-06,"I love this song, it¬¥s for empowering every woman :)  you¬¥re gonna hear me roar ;)Ôªø",f,CevxZvSJLk8,UC-8Q-hLdECwQmaWNwXitYDw,2013-09-05,Katy Perry - Roar (Official),15586013,760708,3673686440
55,Kasia Hill,2014-09-06,http://shhort.com/a?r=G8iX5cTKdÔªø,t,CevxZvSJLk8,UC-8Q-hLdECwQmaWNwXitYDw,2013-09-05,Katy Perry - Roar (Official),15586013,760708,3673686440
54,VitalXtreme,2014-09-04,YAY IM THE 11TH COMMENTER!!!!!                                    IF YOUR  CRAZY PLEASE DONATE BITCOINS TO ME AT: 1FHeNqx1twqM153v2PTAyieJNEALAhZvEMÔªø,t,CevxZvSJLk8,UC-8Q-hLdECwQmaWNwXitYDw,2013-09-05,Katy Perry - Roar (Official),15586013,760708,3673686440
53,Braiden Short,2014-09-03,http://shhort.com/a?r=HuPwEH5abÔªø,t,CevxZvSJLk8,UC-8Q-hLdECwQmaWNwXitYDw,2013-09-05,Katy Perry - Roar (Official),15586013,760708,3673686440
52,Santeri Saariokari,2014-09-03,Hey guys go to check my video name growtopia my storyÔªø,t,CevxZvSJLk8,UC-8Q-hLdECwQmaWNwXitYDw,2013-09-05,Katy Perry - Roar (Official),15586013,760708,3673686440
51,Yerki el duro,2014-09-03,Nicee!!sabrosura viva https://soundcloud.com/yerki-elinmigrante/yerki-myb-move-your-bodyÔªø,t,CevxZvSJLk8,UC-8Q-hLdECwQmaWNwXitYDw,2013-09-05,Katy Perry - Roar (Official),15586013,760708,3673686440
50,TWIN MELODY,2014-09-02,"  HI!:D!:) We‚Äô re TWIN MELODY ,17 year old twins :) WE DID SOME COVERS!!WE DID A COVER OF BIRTHDAY BY KATY PERRY!!  PLEASE JUST TAKE 1 SECOND AND WATCH IT!! THANKS,MERCI,GRACIAS,DANKE,OBRIGADO,GRAZIE ‚Ä¶.    !!!  &lt;3  XX HAVE A NICE DAY!!:DÔªø",t,CevxZvSJLk8,UC-8Q-hLdECwQmaWNwXitYDw,2013-09-05,Katy Perry - Roar (Official),15586013,760708,3673686440
49,Jack El Matador,2014-09-02,"should not have paused the music, this is a clip, not a movie.Ôªø",f,CevxZvSJLk8,UC-8Q-hLdECwQmaWNwXitYDw,2013-09-05,Katy Perry - Roar (Official),15586013,760708,3673686440
48,Justin Chery,2014-09-01,"And after the video ends, a 13 ft. boa constrictor squeezes her to death.Ôªø",f,CevxZvSJLk8,UC-8Q-hLdECwQmaWNwXitYDw,2013-09-05,Katy Perry - Roar (Official),15586013,760708,3673686440
47,Littleprincess,2014-08-31,Perfect! &lt;3Ôªø,f,CevxZvSJLk8,UC-8Q-hLdECwQmaWNwXitYDw,2013-09-05,Katy Perry - Roar (Official),15586013,760708,3673686440
46,Sam Klein,2014-08-31,"She named the tiger Kitty Purry  No, seriously, she did, check the video Ôªø",f,CevxZvSJLk8,UC-8Q-hLdECwQmaWNwXitYDw,2013-09-05,Katy Perry - Roar (Official),15586013,760708,3673686440
45,ocean pacific,2014-08-30,The new Makeup Transformation with Integrated Look-A-Like Feature now  available in Ver 1.13! Do you know who you look like? Install or update  your version of Makeup Transformation  https://play.google.com/store/apps/details?id=com.yourelink.makeuptransformation  or visit Google Play.Ôªø,t,CevxZvSJLk8,UC-8Q-hLdECwQmaWNwXitYDw,2013-09-05,Katy Perry - Roar (Official),15586013,760708,3673686440
44,Rusty Cohle,2014-08-30,The TREU DETECTIVE alternate ending! __ http://www.funnyordie.com/videos/d15fb87973/true-defectivesÔªø,t,CevxZvSJLk8,UC-8Q-hLdECwQmaWNwXitYDw,2013-09-05,Katy Perry - Roar (Official),15586013,760708,3673686440
43,Frank co,2014-08-30,http://www.bubblews.com/news/6401116-vps-solutionsÔªø,t,CevxZvSJLk8,UC-8Q-hLdECwQmaWNwXitYDw,2013-09-05,Katy Perry - Roar (Official),15586013,760708,3673686440
42,Zain Hassan,2014-08-29,Thanks to this video we know that Nokia phones can survive a plane crash.Ôªø,f,CevxZvSJLk8,UC-8Q-hLdECwQmaWNwXitYDw,2013-09-05,Katy Perry - Roar (Official),15586013,760708,3673686440
41,Ach raf,2014-08-29,even without make up she is still  hot     http://uk.eonline.com/eol_images/Entire_Site/2012430/reg_1024.katy.mkup.mh.053012.jpg Ôªø,t,CevxZvSJLk8,UC-8Q-hLdECwQmaWNwXitYDw,2013-09-05,Katy Perry - Roar (Official),15586013,760708,3673686440
40,Mai Nguy·ªÖn,2014-08-28,"help me click on the subscribe Mai Nguyen, thank youÔªø",t,CevxZvSJLk8,UC-8Q-hLdECwQmaWNwXitYDw,2013-09-05,Katy Perry - Roar (Official),15586013,760708,3673686440
39,Angie Sivrikozi,2014-08-27,"Its a good song and i like her video clip, because its a bout a girl that  her airplane crashed on a land far far away... and she found the way to  survive! And i love the pet tiget too( Kitty Purpy) lol :DÔªø",f,CevxZvSJLk8,UC-8Q-hLdECwQmaWNwXitYDw,2013-09-05,Katy Perry - Roar (Official),15586013,760708,3673686440
38,DicesMusic .,2014-08-27,ima rapper trying to get notice please check out my mixtape   datpiff.com/mixtapes-detail.php?id=633807Ôªø,t,CevxZvSJLk8,UC-8Q-hLdECwQmaWNwXitYDw,2013-09-05,Katy Perry - Roar (Official),15586013,760708,3673686440
37,Miguel Del Valle,2014-08-26,http://9gag.com/gag/aAVpwj9/ =)Ôªø,t,CevxZvSJLk8,UC-8Q-hLdECwQmaWNwXitYDw,2013-09-05,Katy Perry - Roar (Official),15586013,760708,3673686440
36,Paul Hannam,2014-08-25,In what South American jungle or any jungle for that matter do you find an  African elephant and a bengal tiger in the same place. Who made this video.Ôªø,f,CevxZvSJLk8,UC-8Q-hLdECwQmaWNwXitYDw,2013-09-05,Katy Perry - Roar (Official),15586013,760708,3673686440
35,Daniel Korp,2014-08-24,"katy perry does remind me of a tiger,like as if its her spirit animal :3 &lt;3Ôªø",f,CevxZvSJLk8,UC-8Q-hLdECwQmaWNwXitYDw,2013-09-05,Katy Perry - Roar (Official),15586013,760708,3673686440
34,MarianMusicChannel,2014-08-24,"Hello! I''m Marian, I''m a singer from Venezuela! I was part of a boy-girl band named cubik, and I''m now singing on my own  ''cause I wanted to play my own pop and pop-rock songs.  It would mean a lot if you could have a look at my channel to check my  music and watch my new video!! and if u like, subscribe to it! XOXO THANKS!!  PS: if you like a lot my channel, you can share it with your friends!!  Haha!! LOL MARIANÔªø",t,CevxZvSJLk8,UC-8Q-hLdECwQmaWNwXitYDw,2013-09-05,Katy Perry - Roar (Official),15586013,760708,3673686440
33,sleman zezo,2014-08-23,https://www.facebook.com/pages/%D8%AA%D8%AD%D9%85%D9%8A%D9%84-%D8%A7%D8%AC%D9%85%D9%84-%D8%A7%D9%84%D8%A7%D9%85%D9%88%D8%B3%D9%8A%D9%82%D9%89___-music/674732645945877 Ôªø,t,CevxZvSJLk8,UC-8Q-hLdECwQmaWNwXitYDw,2013-09-05,Katy Perry - Roar (Official),15586013,760708,3673686440
32,zeynep saka,2014-08-23,I #votekatyperry for the 2014 MTV #VMA Best Lyric Video! See who's in the  lead and vote:  http://on.mtv.com/Ut15kXÔªø,t,CevxZvSJLk8,UC-8Q-hLdECwQmaWNwXitYDw,2013-09-05,Katy Perry - Roar (Official),15586013,760708,3673686440
30,anne baba,2014-08-21,http://www.ebay.com/itm/131275322914?ssPageName=STRK:MESELX:IT&amp;_trksid=p3984.m1555.l2649 Ôªø,t,CevxZvSJLk8,UC-8Q-hLdECwQmaWNwXitYDw,2013-09-05,Katy Perry - Roar (Official),15586013,760708,3673686440
29,phemion23,2014-08-21,http://www.mediafire.com/download/yvovhafsv5qzzqo/Video.rar    download and  make money today Ôªø,t,CevxZvSJLk8,UC-8Q-hLdECwQmaWNwXitYDw,2013-09-05,Katy Perry - Roar (Official),15586013,760708,3673686440
28,Charles Baptist,2014-08-20,Help Please!!  http://www.gofundme.com/RJanimalcareÔªø,t,CevxZvSJLk8,UC-8Q-hLdECwQmaWNwXitYDw,2013-09-05,Katy Perry - Roar (Official),15586013,760708,3673686440
27,Flynn Rider,2014-08-20,Watch Maroon 5's latest 2nd single from V (It Was Always You) www.youtube. com/watch?v=TQ046FuAu00Ôªø,t,CevxZvSJLk8,UC-8Q-hLdECwQmaWNwXitYDw,2013-09-05,Katy Perry - Roar (Official),15586013,760708,3673686440
26,Elle xox,2014-08-20,Hiyaüòä I just started YouTube and it would mean a lot if some of you could  subscribe and watch my first video?xxÔªø,t,CevxZvSJLk8,UC-8Q-hLdECwQmaWNwXitYDw,2013-09-05,Katy Perry - Roar (Official),15586013,760708,3673686440
25,Soundhase,2014-08-19,Hi Guys! check this awesome EDM &amp; House mix :) thanks a lot..  https://soundcloud.com/soundhase/edm-house-mix-2Ôªø,t,CevxZvSJLk8,UC-8Q-hLdECwQmaWNwXitYDw,2013-09-05,Katy Perry - Roar (Official),15586013,760708,3673686440
24,Sheila Cenabre,2014-08-19,I really love this video.. http://www.bubblews.com/account/389088-sheilcenÔªø,t,CevxZvSJLk8,UC-8Q-hLdECwQmaWNwXitYDw,2013-09-05,Katy Perry - Roar (Official),15586013,760708,3673686440
23,Jack Other,2014-08-18,http://www.amazon.com/Knight-Dawn-cursed-Daniel-N-ebook/dp/B00MPPQHRI/ref=sr_1_7?s=digital-text&amp;%3Bie=UTF8&amp;%3Bqid=1408122684&amp;%3Bsr=1-7&amp;%3Bkeywords=knight&amp;tag=wattpad-20     some people are very talented but some are more talented but there is no  sponsorÔªø,t,CevxZvSJLk8,UC-8Q-hLdECwQmaWNwXitYDw,2013-09-05,Katy Perry - Roar (Official),15586013,760708,3673686440
22,Mike Music,2014-08-18,"iS IN TOP 10 , IN YOUTUBE TOP VIEWS , ON 9 IS MILEY CYRUS: http://www.google.ro/url?sa=t&amp;rct=j&amp;q=&amp;esrc=s&amp;source=web&amp;cd=1&amp;ved=0CB8QFjAA&amp;url=http%3A%2F%2Fen.wikipedia.org%2Fwiki%2FList_of_most_viewed_YouTube_videos&amp;ei=OQ3yU9DWC8L4yQOYo4GoAw&amp;usg=AFQjCNGKM-Idplal6kuVKoEkVgdTT2jVLQ&amp;sig2=OnqZzad3q3CmNBe9nml4gA&amp;bvm=bv.73231344,d.bGQ&amp;cad=rja Ôªø",t,CevxZvSJLk8,UC-8Q-hLdECwQmaWNwXitYDw,2013-09-05,Katy Perry - Roar (Official),15586013,760708,3673686440
21,WeMuckAround,2014-08-16,katy perry will u sit on my face please. it would be really awesome and  i'll give you 5 dollars. ok if you want to do this then please call me and  subscribe to my channel first ok thats good and then u sit on my face and  ill get an erection then you sit more k?Ôªø,t,CevxZvSJLk8,UC-8Q-hLdECwQmaWNwXitYDw,2013-09-05,Katy Perry - Roar (Official),15586013,760708,3673686440
20,Cl√©da Dimitri,2014-08-16,http://www.rtbf.be/tv/emission/detail_the-voice-belgique/toutes-les-auditions/auditionDetail_?emissionId=3873&amp;id=342  Please join me to the voice Liked and shared it please to win more audition  score. Thanks so muchÔªø,t,CevxZvSJLk8,UC-8Q-hLdECwQmaWNwXitYDw,2013-09-05,Katy Perry - Roar (Official),15586013,760708,3673686440
19,IbbyUchiha,2014-08-15,Hey guys. I am a very small YouTuber I upload videos nearly every single  day. I once hope to be like shikas so can you please give 2 mins of your  life to view this channel. and my new video is on how to watch all the  anime for free. and I am pretty sure you wont regret visiting this channel. Thank you!Ôªø,t,CevxZvSJLk8,UC-8Q-hLdECwQmaWNwXitYDw,2013-09-05,Katy Perry - Roar (Official),15586013,760708,3673686440
18,MB LOVE,2014-08-13,Subscribe to My CHANNELÔªø,t,CevxZvSJLk8,UC-8Q-hLdECwQmaWNwXitYDw,2013-09-05,Katy Perry - Roar (Official),15586013,760708,3673686440
17,maddog1431,2014-08-12,Check out my covers I have a video coming out  please subscribeÔªø,t,CevxZvSJLk8,UC-8Q-hLdECwQmaWNwXitYDw,2013-09-05,Katy Perry - Roar (Official),15586013,760708,3673686440
16,Evin Alshamas,2014-08-12,Subscribe me pleaseÔªø,t,CevxZvSJLk8,UC-8Q-hLdECwQmaWNwXitYDw,2013-09-05,Katy Perry - Roar (Official),15586013,760708,3673686440
15,J STROMMER,2014-08-11,Take a break from Katie and help me reach 100 subscribers this month!  New  music and free downloads! Ôªø,t,CevxZvSJLk8,UC-8Q-hLdECwQmaWNwXitYDw,2013-09-05,Katy Perry - Roar (Official),15586013,760708,3673686440
14,Artady,2014-08-11,https://soundcloud.com/artady please check my stuff; and make some feedbackÔªø,t,CevxZvSJLk8,UC-8Q-hLdECwQmaWNwXitYDw,2013-09-05,Katy Perry - Roar (Official),15586013,760708,3673686440
13,Jennika Chua,2014-08-11,https://www.facebook.com/photo.php?v=4483179854075&amp;set=vb.1727483389&amp;type=2&amp;theater Ôªø,t,CevxZvSJLk8,UC-8Q-hLdECwQmaWNwXitYDw,2013-09-05,Katy Perry - Roar (Official),15586013,760708,3673686440
12,Eduarda Ketrony,2014-08-11,https://www.facebook.com/photo.php?fbid=543627485763966&amp;l=0d878a889cÔªø,t,CevxZvSJLk8,UC-8Q-hLdECwQmaWNwXitYDw,2013-09-05,Katy Perry - Roar (Official),15586013,760708,3673686440
11,Emilie,2014-08-09,Hey guys! My mom said if i got 100 subs before christmas I'll get a kitten  and I always have wanted an kitten so please watch my videos and if you  like it subscribe or like :) Please no mean commentsÔªø,t,CevxZvSJLk8,UC-8Q-hLdECwQmaWNwXitYDw,2013-09-05,Katy Perry - Roar (Official),15586013,760708,3673686440
10,Lil Misme,2014-08-09,Hey Guys this is Glamour Beauty! I just started my youtube channel please  go check it out! I'm going to post singing videos and also random videos  that I fell like! Please go to subscribe! More to come soon!. Remember to  subscribe!Ôªø,t,CevxZvSJLk8,UC-8Q-hLdECwQmaWNwXitYDw,2013-09-05,Katy Perry - Roar (Official),15586013,760708,3673686440
9,Mike Bennett,2014-08-07,http://www.twitch.tv/daconnormcÔªø,t,CevxZvSJLk8,UC-8Q-hLdECwQmaWNwXitYDw,2013-09-05,Katy Perry - Roar (Official),15586013,760708,3673686440
8,Manuel Ortiz,2014-08-07,Nice! http://www.barnesandnoble.com/s/BDP?csrfToken=I9tIxe8cNkCosOqkEMGjLU5uwv6nSXSO&amp;sort=DD&amp;size=90&amp;csrftoken=89Iyec7nrWP5NYtnO5U7amhVmfLUtgGL&amp;dref=5094&amp;keyword=BDP&amp;store=EBOOK Ôªø,t,CevxZvSJLk8,UC-8Q-hLdECwQmaWNwXitYDw,2013-09-05,Katy Perry - Roar (Official),15586013,760708,3673686440
7,djh3mi,2014-08-06,hey guys!! visit my channel pleaase (i'm searching a dream)Ôªø,t,CevxZvSJLk8,UC-8Q-hLdECwQmaWNwXitYDw,2013-09-05,Katy Perry - Roar (Official),15586013,760708,3673686440
6,Jayki L,2014-08-03,"Subscribe pleaaaase to my instagram account , i''ll subscribe back ‚ô•  http://instagram.com/cyrine_ghorbelÔªø",t,CevxZvSJLk8,UC-8Q-hLdECwQmaWNwXitYDw,2013-09-05,Katy Perry - Roar (Official),15586013,760708,3673686440
5,Nere Overstylish,2014-08-02,check out my rapping hope you guys like it  https://soundcloud.com/nereboy/call-of-the-lostproduce-by-atlastatlas-rapper-jkork  and follow and message me :)Ôªø,t,CevxZvSJLk8,UC-8Q-hLdECwQmaWNwXitYDw,2013-09-05,Katy Perry - Roar (Official),15586013,760708,3673686440
4,John Bello,2014-08-01,Hey everyone. Watch this trailer!!!!!!!!  http://believemefilm.com?hlr=h2hQBUVBÔªø,t,CevxZvSJLk8,UC-8Q-hLdECwQmaWNwXitYDw,2013-09-05,Katy Perry - Roar (Official),15586013,760708,3673686440
3,Aviel Haimov,2014-08-01,http://psnboss.com/?ref=2tGgp3pV6L this is the songÔªø,t,CevxZvSJLk8,UC-8Q-hLdECwQmaWNwXitYDw,2013-09-05,Katy Perry - Roar (Official),15586013,760708,3673686440
2,Erica Ross,2014-07-27,"Hey guys! Please join me in my fight to help abused/mistreated animals! All  fund will go to helping pay for vet bills/and or helping them find homes! I  will place an extra emphasis on helping disabled animals, ones otherwise  would just be put to sleep by other animal organizations. Donate please. http://www.gofundme.com/Angels-n-WingzÔªø",t,CevxZvSJLk8,UC-8Q-hLdECwQmaWNwXitYDw,2013-09-05,Katy Perry - Roar (Official),15586013,760708,3673686440
1,Pyunghee,2014-07-27,http://www.billboard.com/articles/columns/pop-shop/6174122/fan-army-face-off-round-3 Vote for SONES please....we're against vips....please help us.. &gt;.&lt;Ôªø,t,CevxZvSJLk8,UC-8Q-hLdECwQmaWNwXitYDw,2013-09-05,Katy Perry - Roar (Official),15586013,760708,3673686440
0,lekanaVEVO1,2014-07-22,i love this so much. AND also I Generate Free Leads on Auto Pilot &amp; You Can  Too! http://www.MyLeaderGate.com/moretrafficÔªø,t,CevxZvSJLk8,UC-8Q-hLdECwQmaWNwXitYDw,2013-09-05,Katy Perry - Roar (Official),15586013,760708,3673686440
